-- phpMyAdmin SQL Dump
-- version 5.2.0
-- https://www.phpmyadmin.net/
--
-- Host: 127.0.0.1
-- Generation Time: Aug 03, 2022 at 09:56 AM
-- Server version: 10.4.24-MariaDB
-- PHP Version: 7.4.29

SET SQL_MODE = "NO_AUTO_VALUE_ON_ZERO";
START TRANSACTION;
SET time_zone = "+00:00";


/*!40101 SET @OLD_CHARACTER_SET_CLIENT=@@CHARACTER_SET_CLIENT */;
/*!40101 SET @OLD_CHARACTER_SET_RESULTS=@@CHARACTER_SET_RESULTS */;
/*!40101 SET @OLD_COLLATION_CONNECTION=@@COLLATION_CONNECTION */;
/*!40101 SET NAMES utf8mb4 */;

--
-- Database: `clinic`
--

-- --------------------------------------------------------

--
-- Table structure for table `districts`
--

CREATE TABLE `districts` (
  `id` int(11) NOT NULL,
  `provinceId` int(11) DEFAULT NULL,
  `name` varchar(100) COLLATE utf8_unicode_ci NOT NULL,
  `isDelete` enum('no','yes') COLLATE utf8_unicode_ci NOT NULL,
  `createdAt` datetime NOT NULL DEFAULT current_timestamp(),
  `updatedAt` datetime NOT NULL DEFAULT current_timestamp()
) ENGINE=InnoDB DEFAULT CHARSET=utf8 COLLATE=utf8_unicode_ci;

--
-- Dumping data for table `districts`
--

INSERT INTO `districts` (`id`, `provinceId`, `name`, `isDelete`, `createdAt`, `updatedAt`) VALUES
(1, 1, 'ຈັນທະບູລີ', 'no', '2022-05-21 15:41:56', '2022-05-21 15:41:56'),
(2, 1, 'ສີໂຄດຕະບອງ', 'no', '2022-05-21 15:41:56', '2022-05-21 15:41:56'),
(3, 1, 'ໄຊເສດຖາ', 'no', '2022-05-21 15:41:56', '2022-05-21 15:41:56'),
(4, 1, 'ສີສັດຕະນາກ', 'no', '2022-05-21 15:41:56', '2022-05-21 15:41:56'),
(5, 1, 'ນາຊາຍທອງ', 'no', '2022-05-21 15:41:56', '2022-05-21 15:41:56'),
(6, 1, 'ໄຊທານີ', 'no', '2022-05-21 15:41:56', '2022-05-21 15:41:56'),
(7, 1, 'ຫາດຊາຍຟອງ', 'no', '2022-05-21 15:41:56', '2022-05-21 15:41:56'),
(8, 1, 'ສັງທອງ', 'no', '2022-05-21 15:41:56', '2022-05-21 15:41:56'),
(9, 1, 'ປາກງື່ມ', 'no', '2022-05-21 15:41:56', '2022-05-21 15:41:56'),
(10, 2, 'ຜົ້ງສາລີ', 'no', '2022-05-21 15:41:56', '2022-05-21 15:41:56'),
(11, 2, 'ໃໝ່', 'no', '2022-05-21 15:41:56', '2022-05-21 15:41:56'),
(12, 2, 'ຂວາ', 'no', '2022-05-21 15:41:56', '2022-05-21 15:41:56'),
(13, 2, 'ສໍາພັນ', 'no', '2022-05-21 15:41:56', '2022-05-21 15:41:56'),
(14, 2, 'ບຸນເໜືອ', 'no', '2022-05-21 15:41:56', '2022-05-21 15:41:56'),
(15, 2, 'ຍອດອູ', 'no', '2022-05-21 15:41:56', '2022-05-21 15:41:56'),
(16, 2, 'ບຸນໃຕ້', 'no', '2022-05-21 15:41:56', '2022-05-21 15:41:56'),
(17, 3, 'ຫຼວງນໍ້າທາ', 'no', '2022-05-21 15:41:56', '2022-05-21 15:41:56'),
(18, 3, 'ສິງ', 'no', '2022-05-21 15:41:56', '2022-05-21 15:41:56'),
(19, 3, 'ລອງ', 'no', '2022-05-21 15:41:56', '2022-05-21 15:41:56'),
(20, 3, 'ວຽງພູຄໍາ', 'no', '2022-05-21 15:41:56', '2022-05-21 15:41:56'),
(21, 3, 'ນາແລ', 'no', '2022-05-21 15:41:56', '2022-05-21 15:41:56'),
(22, 4, 'ໄຊ', 'no', '2022-05-21 15:41:56', '2022-05-21 15:41:56'),
(23, 4, 'ຫຼາ', 'no', '2022-05-21 15:41:56', '2022-05-21 15:41:56'),
(24, 4, 'ນາໝໍ້', 'no', '2022-05-21 15:41:56', '2022-05-21 15:41:56'),
(25, 4, 'ງາ', 'no', '2022-05-21 15:41:56', '2022-05-21 15:41:56'),
(26, 4, 'ແບງ', 'no', '2022-05-21 15:41:56', '2022-05-21 15:41:56'),
(27, 4, 'ຮຸນ', 'no', '2022-05-21 15:41:56', '2022-05-21 15:41:56'),
(28, 4, 'ປາກແບ່ງ', 'no', '2022-05-21 15:41:56', '2022-05-21 15:41:56'),
(29, 5, 'ຫ້ວຍຊາຍ', 'no', '2022-05-21 15:41:56', '2022-05-21 15:41:56'),
(30, 5, 'ຕົ້ນເຜິ້ງ', 'no', '2022-05-21 15:41:56', '2022-05-21 15:41:56'),
(31, 5, 'ເມິງ', 'no', '2022-05-21 15:41:56', '2022-05-21 15:41:56'),
(32, 5, 'ຜາອຸດົມ', 'no', '2022-05-21 15:41:56', '2022-05-21 15:41:56'),
(33, 5, 'ປາກທາ', 'no', '2022-05-21 15:41:56', '2022-05-21 15:41:56'),
(34, 6, 'ນະຄອນຫຼວງພະບາງ', 'no', '2022-05-21 15:41:56', '2022-05-21 15:41:56'),
(35, 6, 'ຊຽງເງິນ', 'no', '2022-05-21 15:41:56', '2022-05-21 15:41:56'),
(36, 6, 'ນານ', 'no', '2022-05-21 15:41:56', '2022-05-21 15:41:56'),
(37, 6, 'ປາກອູ', 'no', '2022-05-21 15:41:56', '2022-05-21 15:41:56'),
(38, 6, 'ນໍ້າບາກ', 'no', '2022-05-21 15:41:56', '2022-05-21 15:41:56'),
(39, 6, 'ງອຍ', 'no', '2022-05-21 15:41:56', '2022-05-21 15:41:56'),
(40, 6, 'ປາກແຊງ', 'no', '2022-05-21 15:41:56', '2022-05-21 15:41:56'),
(41, 6, 'ໂພນໄຊ', 'no', '2022-05-21 15:41:56', '2022-05-21 15:41:56'),
(42, 6, 'ຈອມເພັດ', 'no', '2022-05-21 15:41:56', '2022-05-21 15:41:56'),
(43, 6, 'ວຽງຄໍາ', 'no', '2022-05-21 15:41:56', '2022-05-21 15:41:56'),
(44, 6, 'ພູຄູນ', 'no', '2022-05-21 15:41:56', '2022-05-21 15:41:56'),
(45, 6, 'ໂພນທອງ', 'no', '2022-05-21 15:41:56', '2022-05-21 15:41:56'),
(46, 7, 'ຊໍາເໜືອ', 'no', '2022-05-21 15:41:56', '2022-05-21 15:41:56'),
(47, 7, 'ຊຽງຄໍ້', 'no', '2022-05-21 15:41:56', '2022-05-21 15:41:56'),
(48, 7, 'ຮ້ຽມ', 'no', '2022-05-21 15:41:56', '2022-05-21 15:41:56'),
(49, 7, 'ວຽງໄຊ', 'no', '2022-05-21 15:41:56', '2022-05-21 15:41:56'),
(50, 7, 'ຫົວເມືອງ', 'no', '2022-05-21 15:41:56', '2022-05-21 15:41:56'),
(51, 7, 'ຊໍາໃຕ້', 'no', '2022-05-21 15:41:56', '2022-05-21 15:41:56'),
(52, 7, 'ສົບເບົາ', 'no', '2022-05-21 15:41:56', '2022-05-21 15:41:56'),
(53, 7, 'ແອດ', 'no', '2022-05-21 15:41:56', '2022-05-21 15:41:56'),
(54, 7, 'ກວັນ', 'no', '2022-05-21 15:41:56', '2022-05-21 15:41:56'),
(55, 7, 'ຊ່ອນ', 'no', '2022-05-21 15:41:56', '2022-05-21 15:41:56'),
(56, 8, 'ໄຊຍະບູລີ', 'no', '2022-05-21 15:41:56', '2022-05-21 15:41:56'),
(57, 8, 'ຄອບ', 'no', '2022-05-21 15:41:56', '2022-05-21 15:41:56'),
(58, 8, 'ຫົງສາ', 'no', '2022-05-21 15:41:56', '2022-05-21 15:41:56'),
(59, 8, 'ເງິນ', 'no', '2022-05-21 15:41:56', '2022-05-21 15:41:56'),
(60, 8, 'ຊຽງຮ່ອນ', 'no', '2022-05-21 15:41:56', '2022-05-21 15:41:56'),
(61, 8, 'ພຽງ', 'no', '2022-05-21 15:41:56', '2022-05-21 15:41:56'),
(62, 8, 'ປາກອອກ', 'no', '2022-05-21 15:41:56', '2022-05-21 15:41:56'),
(63, 8, 'ແກ່ນທ້າວ', 'no', '2022-05-21 15:41:56', '2022-05-21 15:41:56'),
(64, 8, 'ບໍ່ແຕນ', 'no', '2022-05-21 15:41:56', '2022-05-21 15:41:56'),
(65, 8, 'ທົ່ງມີໄຊ', 'no', '2022-05-21 15:41:56', '2022-05-21 15:41:56'),
(66, 8, 'ໄຊສະຖານ', 'no', '2022-05-21 15:41:56', '2022-05-21 15:41:56'),
(67, 9, 'ແປກ (ໂພນສະຫວັນ)', 'no', '2022-05-21 15:41:56', '2022-05-21 15:41:56'),
(68, 9, 'ຄໍາ', 'no', '2022-05-21 15:41:56', '2022-05-21 15:41:56'),
(69, 9, 'ໜອງແຮດ', 'no', '2022-05-21 15:41:56', '2022-05-21 15:41:56'),
(70, 9, 'ຄູນ', 'no', '2022-05-21 15:41:56', '2022-05-21 15:41:56'),
(71, 9, 'ໝອກໃໝ່', 'no', '2022-05-21 15:41:56', '2022-05-21 15:41:56'),
(72, 9, 'ພູກູດ', 'no', '2022-05-21 15:41:56', '2022-05-21 15:41:56'),
(73, 9, 'ຜາໄຊ', 'no', '2022-05-21 15:41:56', '2022-05-21 15:41:56'),
(74, 10, 'ໂພນໂຮງ', 'no', '2022-05-21 15:41:56', '2022-05-21 15:41:56'),
(75, 10, 'ທຸລະຄົມ', 'no', '2022-05-21 15:41:56', '2022-05-21 15:41:56'),
(76, 10, 'ແກ້ວອຸດົມ', 'no', '2022-05-21 15:41:56', '2022-05-21 15:41:56'),
(77, 10, 'ກາສີ', 'no', '2022-05-21 15:41:56', '2022-05-21 15:41:56'),
(78, 10, 'ວັງວຽງ', 'no', '2022-05-21 15:41:56', '2022-05-21 15:41:56'),
(79, 10, 'ເຟືອງ', 'no', '2022-05-21 15:41:56', '2022-05-21 15:41:56'),
(80, 10, 'ຊະນະຄາມ', 'no', '2022-05-21 15:41:56', '2022-05-21 15:41:56'),
(81, 10, 'ແມດ', 'no', '2022-05-21 15:41:56', '2022-05-21 15:41:56'),
(82, 10, 'ຫີນເຫີບ', 'no', '2022-05-21 15:41:56', '2022-05-21 15:41:56'),
(83, 10, 'ວຽງຄໍາ', 'no', '2022-05-21 15:41:56', '2022-05-21 15:41:56'),
(84, 10, 'ໝື່ນ', 'no', '2022-05-21 15:41:56', '2022-05-21 15:41:56'),
(85, 11, 'ປາກຊັນ', 'no', '2022-05-21 15:41:56', '2022-05-21 15:41:56'),
(86, 11, 'ທ່າພະບາດ', 'no', '2022-05-21 15:41:56', '2022-05-21 15:41:56'),
(87, 11, 'ປາກກະດິງ', 'no', '2022-05-21 15:41:56', '2022-05-21 15:41:56'),
(88, 11, 'ບໍລິຄັນ', 'no', '2022-05-21 15:41:56', '2022-05-21 15:41:56'),
(89, 11, 'ຄໍາເກີດ (ຫຼັກ 20)', 'no', '2022-05-21 15:41:56', '2022-05-21 15:41:56'),
(90, 11, 'ວຽງທອງ', 'no', '2022-05-21 15:41:56', '2022-05-21 15:41:56'),
(91, 11, 'ໄຊຈໍາພອນ', 'no', '2022-05-21 15:41:56', '2022-05-21 15:41:56'),
(92, 12, 'ທ່າແຂກ', 'no', '2022-05-21 15:41:56', '2022-05-21 15:41:56'),
(93, 12, 'ມະຫາໄຊ', 'no', '2022-05-21 15:41:56', '2022-05-21 15:41:56'),
(94, 12, 'ໜອງບົກ', 'no', '2022-05-21 15:41:56', '2022-05-21 15:41:56'),
(95, 12, 'ຫີນບູນ', 'no', '2022-05-21 15:41:56', '2022-05-21 15:41:56'),
(96, 12, 'ຍົມມະລາດ', 'no', '2022-05-21 15:41:56', '2022-05-21 15:41:56'),
(97, 12, 'ບົວລະພາ', 'no', '2022-05-21 15:41:56', '2022-05-21 15:41:56'),
(98, 12, 'ນາກາຍ', 'no', '2022-05-21 15:41:56', '2022-05-21 15:41:56'),
(99, 12, 'ເຊບັ້ງໄຟ', 'no', '2022-05-21 15:41:56', '2022-05-21 15:41:56'),
(100, 12, 'ໄຊບົວທອງ', 'no', '2022-05-21 15:41:56', '2022-05-21 15:41:56'),
(101, 12, 'ຄູນຄໍາ', 'no', '2022-05-21 15:41:56', '2022-05-21 15:41:56'),
(102, 13, 'ນະຄອນໄກສອນ ພົມວິຫານ', 'no', '2022-05-21 15:41:56', '2022-05-21 15:41:56'),
(103, 13, 'ອຸທົມພອນ', 'no', '2022-05-21 15:41:56', '2022-05-21 15:41:56'),
(104, 13, 'ອາດສະພັງທອງ', 'no', '2022-05-21 15:41:56', '2022-05-21 15:41:56'),
(105, 13, 'ພິນ', 'no', '2022-05-21 15:41:56', '2022-05-21 15:41:56'),
(106, 13, 'ເຊໂປນ', 'no', '2022-05-21 15:41:56', '2022-05-21 15:41:56'),
(107, 13, 'ນອງ', 'no', '2022-05-21 15:41:56', '2022-05-21 15:41:56'),
(108, 13, 'ທ່າປາງທອງ', 'no', '2022-05-21 15:41:56', '2022-05-21 15:41:56'),
(109, 13, 'ສອງຄອນ', 'no', '2022-05-21 15:41:56', '2022-05-21 15:41:56'),
(110, 13, 'ຈໍາພອນ', 'no', '2022-05-21 15:41:56', '2022-05-21 15:41:56'),
(111, 13, 'ຊົນນະບູລີ', 'no', '2022-05-21 15:41:56', '2022-05-21 15:41:56'),
(112, 13, 'ໄຊບູລີ', 'no', '2022-05-21 15:41:56', '2022-05-21 15:41:56'),
(113, 13, 'ວິລະບູລີ', 'no', '2022-05-21 15:41:56', '2022-05-21 15:41:56'),
(114, 13, 'ອາດສະພອນ', 'no', '2022-05-21 15:41:56', '2022-05-21 15:41:56'),
(115, 13, 'ໄຊພູທອງ', 'no', '2022-05-21 15:41:56', '2022-05-21 15:41:56'),
(116, 13, 'ພະລານໄຊ', 'no', '2022-05-21 15:41:56', '2022-05-21 15:41:56'),
(117, 14, 'ສາລະວັນ', 'no', '2022-05-21 15:41:56', '2022-05-21 15:41:56'),
(118, 14, 'ຕະໂອ້ຍ', 'no', '2022-05-21 15:41:56', '2022-05-21 15:41:56'),
(119, 14, 'ຕຸ້ມລານ', 'no', '2022-05-21 15:41:56', '2022-05-21 15:41:56'),
(120, 14, 'ລະຄອນເພັງ', 'no', '2022-05-21 15:41:56', '2022-05-21 15:41:56'),
(121, 14, 'ວາປີ', 'no', '2022-05-21 15:41:56', '2022-05-21 15:41:56'),
(122, 14, 'ຄົງເຊໂດນ', 'no', '2022-05-21 15:41:56', '2022-05-21 15:41:56'),
(123, 14, 'ເລົ່າງາມ', 'no', '2022-05-21 15:41:56', '2022-05-21 15:41:56'),
(124, 14, 'ສະໝ້ວຍ', 'no', '2022-05-21 15:41:56', '2022-05-21 15:41:56'),
(125, 15, 'ລະມາມ', 'no', '2022-05-21 15:41:56', '2022-05-21 15:41:56'),
(126, 15, 'ກະລຶມ', 'no', '2022-05-21 15:41:56', '2022-05-21 15:41:56'),
(127, 15, 'ດາກຈຶງ', 'no', '2022-05-21 15:41:56', '2022-05-21 15:41:56'),
(128, 15, 'ທ່າແຕງ', 'no', '2022-05-21 15:41:56', '2022-05-21 15:41:56'),
(129, 16, 'ນະຄອນປາກເຊ', 'no', '2022-05-21 15:41:56', '2022-05-21 15:41:56'),
(130, 16, 'ຊະນະສົມບູນ', 'no', '2022-05-21 15:41:56', '2022-05-21 15:41:56'),
(131, 16, 'ບາຈຽງຈະເລີນສຸກ', 'no', '2022-05-21 15:41:56', '2022-05-21 15:41:56'),
(132, 16, 'ປາກຊ່ອງ', 'no', '2022-05-21 15:41:56', '2022-05-21 15:41:56'),
(133, 16, 'ປະທຸມພອນ', 'no', '2022-05-21 15:41:56', '2022-05-21 15:41:56'),
(134, 16, 'ໂພນທອງ', 'no', '2022-05-21 15:41:56', '2022-05-21 15:41:56'),
(135, 16, 'ຈໍາປາສັກ', 'no', '2022-05-21 15:41:56', '2022-05-21 15:41:56'),
(136, 16, 'ສຸຂຸມາ', 'no', '2022-05-21 15:41:56', '2022-05-21 15:41:56'),
(137, 16, 'ມູນລະປະໂມກ', 'no', '2022-05-21 15:41:56', '2022-05-21 15:41:56'),
(138, 16, 'ໂຂງ', 'no', '2022-05-21 15:41:56', '2022-05-21 15:41:56'),
(139, 17, 'ໄຊເສດຖາ', 'no', '2022-05-21 15:41:56', '2022-05-21 15:41:56'),
(140, 17, 'ສາມັກຄີໄຊ', 'no', '2022-05-21 15:41:56', '2022-05-21 15:41:56'),
(141, 17, 'ສະໜາມໄຊ', 'no', '2022-05-21 15:41:56', '2022-05-21 15:41:56'),
(142, 17, 'ຊານໄຊ', 'no', '2022-05-21 15:41:56', '2022-05-21 15:41:56'),
(143, 17, 'ພູວົງ', 'no', '2022-05-21 15:41:56', '2022-05-21 15:41:56'),
(144, 18, 'ອະນຸວົງ', 'no', '2022-05-21 15:41:56', '2022-05-21 15:41:56'),
(145, 18, 'ລ້ອງແຈ້ງ', 'no', '2022-05-21 15:41:56', '2022-05-21 15:41:56'),
(146, 18, 'ລ້ອງຊານ', 'no', '2022-05-21 15:41:56', '2022-05-21 15:41:56'),
(147, 18, 'ຮົ່ມ', 'no', '2022-05-21 15:41:56', '2022-05-21 15:41:56'),
(148, 18, 'ທ່າໂທມ', 'no', '2022-05-21 15:41:56', '2022-05-21 15:41:56'),
(149, 9, 'ໄຊເສດຖາ', 'no', '2022-07-21 18:12:18', '2022-07-21 18:12:18');

-- --------------------------------------------------------

--
-- Table structure for table `posts`
--

CREATE TABLE `posts` (
  `id` int(11) NOT NULL,
  `name` varchar(100) COLLATE utf8_unicode_ci NOT NULL,
  `detail` mediumtext COLLATE utf8_unicode_ci NOT NULL,
  `image` varchar(100) COLLATE utf8_unicode_ci DEFAULT NULL,
  `isDelete` enum('no','yes') COLLATE utf8_unicode_ci NOT NULL DEFAULT 'no',
  `createdAt` datetime NOT NULL DEFAULT current_timestamp(),
  `updatedAt` datetime NOT NULL DEFAULT current_timestamp()
) ENGINE=InnoDB DEFAULT CHARSET=utf8 COLLATE=utf8_unicode_ci;

--
-- Dumping data for table `posts`
--

INSERT INTO `posts` (`id`, `name`, `detail`, `image`, `isDelete`, `createdAt`, `updatedAt`) VALUES
(1, 'uwuw', 'wjiwwiiwwiwiw', '39747038-bd8a-4878-85a7-1ac8b15c0fcb.png', 'yes', '2022-06-06 17:51:06', '2022-06-08 12:23:18'),
(2, 'ສຸຂະພາບແຂ້ວ ສຳຄັນແນວໃດ?', 'ສຸ​ຂະ​ພາບ​ແຂ້ວ​ແມ່ນ​ຫນຶ່ງ​ໃນ​ສຸ​ຂະ​ພາບ​ຂອງ​ຮ່າງ​ກາຍ​ທີ່​ຄວນ​ຈະ​ໄດ້​ຮັບ​ການ​ດູ​ແລ​ໃຫ້​ດີ​ເພາະ​ວ່າ​: ສຸ​ຂະ​ພາບ​ແຂ້ວ​ແມ່ນ​ ສ່ວນຫນຶ່ງຂອງຄວາມງາມຂອງໃບຫນ້າ ທີ່ຄົນສ່ວນໃຫຍ່ຈະປະທັບໃຈໃນຕອນທໍາອິດ. ການທີ່ມີແຂ້ວທີ່ງາມ ຍ່ອມສ້າງຮອຍຍິ້ມໃຫ້ກັບຕົວເອງໄດ້ແບບນ່າປະທັບໃ\n\nແຂ້ວທີ່ມີສຸຂະພາບດີຊ່ວຍຮັກສາສຸຂະພາບອື່ນໆໃຫ້ດີໄປພ້ອມໆກັນ ສືບເນື່ອງຈາກແຂ້ວໃຊ້ໃນການຫຍ້ຳຄ້ຽວ,ເພາະຖ້າການຫຍ້ຳຄ້ຽວ ເປັນບັນຫາ ອາດຈະສາມາດເຮັດໃຫ້ພາກສ່ວນອື່ນໆຂອງສຸຂະພາບເສຍຫາຍເຊັ່ນດຽວກັນ, ເຊັ່ນ: ການບົດຄ້ຽວທີ່ບໍ່ລະອຽດ ຈະເປັນສາເຫດຂອງບັນຫາ ຂອງລະບົບຍ່ອຍອາຫານ ເຊິ່ງໄດ້ເພີ່ມລະດັບຂອງບັນຫາກ່ຽວກັບການຍ່ອຍອາຫານ. ການດູດຊຶມສານອາຫານຕ່າງໆສໍາລັບຮ່າງກາຍເຊິ່ງໃນທີ່ສຸດອາດຈະສົ່ງຜົນກະທົບຕໍ່ສຸຂະພາບໂດຍລວມ.\nມີບົດລາຍງານທາງວິຊາການຈໍານວນຫຼາຍວ່າຈະສົ່ງຜົນກະທົບຕໍ່ສຸຂະພາບແລະເກີດໂລກຂພະຍາດອື່ນໆເຊັ່ນ: ການເກີດໂລກແຂ້ວແມງ ອາດຈະເປັນສາເຫດໃຫ້ເກີດການຕິດເຊື້ອໃນກະແສເລືອດ ຫຼື ໂລກເຫືອກອັກເສບ/ໂລກປະລິທັນ ມີຜົນເຮັດໃຫ້ເກີດໂລຫຫົວໃຈ ເປັນຕົ້ນ.\n\nມີ​ຄົນຂ້ອນຂ້າງຈຳນວນຫຼາຍທີ່​ບໍ່​ຮູ້​ວ່າ​ແຂ້ວ​ມີ​ສ່ວນ​ຮ່ວມ​ໃນ​ການ​ອອກ​ສຽງ​ເຊັ່ນ​ດຽວ​ກັນ​, ເຊັ່ນ​: ຄໍາ ສ. ເສືອ ຫຼື ຟ. ໄຟ ຖ້າ​ຫາກ​ວ່າ​ບໍ່​ມີ​ແຂ້ວ​ຫນ້າ​. ຜູ້ນັ້ນຈະບໍ່ສາມາດເວົ້າ ແລະ ສ. ເສືອ ຫຼື ຟ. ໄຟ ຢ່າງຖືກຕ້ອງ\n', 'fa74ded0-37c1-48b8-a927-5813a1071a88.png', 'no', '2022-06-08 12:25:11', '2022-06-08 12:48:30'),
(3, 'ແຂ້ວຕາຍ ອັນຕະລາຍຈາກຊ່ອງປາກ', 'ແຂ້ວຕາຍເປັນອີກໜຶ່ງພາວະທີ່ອັນຕະລາຍພາຍໃນຊ່ອງປາກ ແຕ່ຫຼາຍຄົນອາດຈະບໍ່ເຄີຍໄດ້ຍິນ ຫຼືບໍ່ເຄີຍຮູ້ກ່ຽວກັບພາວະນີ້ແລະເພື່ອແກ້ຂໍ້ສົງໄສກ່ຽວກັບພາວະແຂ້ວຕາຍມີລັກສະນະແນວໃດ, ອາການ, ແລະສາເຫດເປັນແບບໃດ ເພື່ອ​ປ້ອງ​ກັນ​ແລະ​ຫຼີກ​ເວັ້ນ​ບັນ​ຫາ​ ລວມທັງການຮັກສາສຸຂະພາບຊ່ອງປາກທີ່ຖືກຕ້ອງ ໂດຍຂໍ້ມູນຈາກຫມໍປົວແຂ້ວສະເພາະທາງ\nສ່ວນປະກອບຂອງແຂ້ວ\nເຄືອບແຂ້ວແມ່ນຊັ້ນນອກທີ່ສຸດ.\nເນື້ອແຂ້ວຖັດຈາກເຄືອບແຂ້ວ\nໂພງປະສາດແຂ້ວປະກອບດ້ວຍເສັ້ນເລືອດ, ເສັ້ນປະສາດ, ແລະເຊວຕ່າງໆ.\nຄວາມ​ຫມາຍ​ຂອງ​ແຂ້ວ​ຕາຍ​\nແຂ້ວຕາຍແມ່ນແຂ້ວທີ່ບໍ່ມີເສັ້ນເລືອດຢູ່ໃນເສັ້ນປະສາດຂອງແຂ້ວ ເຮັດໃຫ້ເຊວໃນແຂ້ວຕາຍໄປ\nອາການທີ່ສັງເກດເຫັນ\nແຂ້ວປ່ຽນເປັນສີເຂັ້ມຂຶ້ນ\nມີຕຸ່ມໜອງທີ່ເຫງືອກ ເຫງືອກໃຄ່ບວມ, ເຈັບຢູ່ປາຍຮາກແຂ້ວ ຫຼື ມີອາການຫຍ້ຳແລ້ວເຈັບ \nທ່ານເຄີຍມີອາການສຽວຟັນແຮໆບໍ? ເມື່ອມີຫຍັງກະຕຸ້ນ ເຊັ່ນ ດື່ມນ້ຳຮ້ອນ ຫຼື ນ້ຳເຢັນ ແຕ່ກະບໍ່ຮູ້ສຶກຕົວ ມັນອາດຈະເປັນສັນຍານຂອງແຂ້ວຕາຍ.\nສາເຫດຂອງພາວະແຂ້ວຕາຍ\nຄືພາວະອັນຕະລາຍ ໃດໆກໍ່ຕາມທີ່ເຮັດໃຫ້ເຊື້ອພະຍາດໄປເຖິງເສັ້ນປະສາດແຂ້ວເຮັດໃຫ້ເກີດການຕິດເຊື້ອ, ອັກເສບແລະເສຍຊີວິດໃນທີ່ສຸດ. ສ່ວນຫຼາຍແມ່ນເກີດຈາກສາເຫດຕໍ່ໄປນີ້:\nແຂ້ວເແມງ, ແຂ້ວເສື່ອມ ໄປເຖິງເສັ້ນປະສາດຂອງແຂ້ວ\nແຂ້ວໄດ້ຮັບອຸບັດຕິເຫດຖືກກະແທກຢ່າງຮຸນແຮງ ເຮັດໃຫ້ເສັ້ນເລືອດທີ່ລ້ຽງແຂ້ວຈີກຂາດ\nແຂ້ວແຕກ ຫຼື ແຂ້ວແຕກຈາກການນຳໃຊ້, ມັກເກີດກັບຄົນທີ່ມັກກິນອາຫານແຂງ, ກັດຖືກກ້້ອນຫິນໃນເຂົ້າ ເປັນຕົ້ນ ແລະເປັນໂລກປະລິທັນຂັ້ນຮ້າຍແຮງ\nວິທີການກວດຫາອາການຂອງພາວະແຂ້ວຕາຍ\nຫມໍແຂ້ວຈະທຳການກວດປະຫວັດ ແລະກວດເບິ່ງແຂ້ວທີ່ຕ້ອງສົງໃສຢ່າງລະອຽດໂດຍການເບິ່ງ, ແຕະ, ເຄາະ, ໃຊ້ເຄື່ອງວັດການມີຊີວິຂອງແຂ້ວ ຄຽງຄູ່ກັບການເບິ່ງພາບລັງສີ\n\nການປິ່ນປົວແຂ້ວຕາຍ\nການປິ່ນປົວຮາກ\nການຖອນແຂ້ວໃນກໍລະນີທີ່ບໍ່ສາມາດຟື້ນຟູແຂ້ວໄດ້ ຫຼືຄົນເຈັບບໍ່ຢາກຮັກສາແຂ້ວ\nຖ້າບໍ່ໄດ້ຮັບການປິ່ນປົວ\nແຂ້ວທີ່ບໍ່ໄດ້ຮັບການປິ່ນປົວ, ໃນກໍລະນີຂອງແຂ້ວເສື່ອມ, ຈະgເຮັດໃຫ້ເກີດການຕິດເຊື້ອ, ເຈັບປວດ, ບວມ\nເຮັດໃຫ້ກະດູກເສື່ອມຢູ່ປາຍຂອງຮາກແຂ້ວ.\nປ້ອງ​ກັນ​ແຂ້ວ​ຕາຍ​\nກວດແຂ້ວທຸກໆ 6 ເດືອນ\nຖູແຂ້ວຂອງທ່ານໃຫ້ສະອາດພ້ອມກັບໃຊ້ໄໝຂັດແຂ້ວ.\nບັນຫາທົ່ວໄປແມ່ນວ່າຄົນເຈັບມັກຈະຮູທີ່ໂກນເຂົ້າໄປຫວ່າງແຂ້ວ ເຊິ່ງເກີດຈາກການບໍ່ໃຊ້ໄໝເຊັດແຂ້ວ\nຫຼີກເວັ້ນການກິນອາຫານແຂງເພື່ອຫຼຸດຜ່ອນໂອກາດການແຕກຂອງແຂ້ວ ເຊິ່ງສົ່ງຜົນເຮັດໃຫ້ແຂ້ວຕາຍ\nຫຼີກ​ລ້ຽງ​ການ​ກິນ​ອາ​ຫານ​ທີ່ມີກົດສູງ​ເຊັ່ນ​: ອາ​ຫານ​ສົ້ມ​, ໂຊດາ​, ແລະ​ອື່ນໆ​.\n', 'c5324f29-45df-490a-b7c9-4e7e037c1b7b.png', 'no', '2022-06-08 12:26:33', '2022-06-08 12:47:56'),
(4, 'ເປັນຫຍັງຈຶ່ງຄວນດັດແຂ້ວ', 'ການດັດແຂ້ວແມ່ນຫຍັງ? ເປັນ​ຫຍັງ​ເຈົ້າ​ຄວນ​ດັດແຂ້ວ​?\n​ການດັດແຂ້ວແມ່ນຫຍັງ ແລະເພື່ອຫຍັງ?\n​    ດັດແຂ້ວແມ່ນສາຂາໜື່ງໃນທັນຕະກໍາ ທີ່ໃຫ້ການ​ວິ​ນິດ​ໄສ​, ການ​ປ້ອງ​ກັນ​ແລະ​ຮັກສຄວາມຜິດປົກະຕິໃນການຈັດລຽງຂອງແຂ້ວແລະບັນຫາທົບແຂ້ວ, ລວມທັງບັນຫາຄວາມຜິດປົກກະຕິຂອງຂະຫນາດແລະຄວາມສໍາພັນຂອງຄາງກະໄຕກັບໃບຫນ້າ.\n​    ການດັດແຂ້ວແມ່ນການຮັກສາເພື່ອການທົບແຂ້ວທີ່ດີຂຶ້ນ. ເພື່ອໃຫ້ການຄ້ຽວຫຍ້ຳປະສິດທິພາບ ພ້ອມທັງຊ່ວຍຫຼຸດຄວາມສ່ຽງຂອງແຂ້ວແມງ ຫຼືໂລກເຫືອກ ອັນເນື່ອງຈາກຄວາມລຳບາກໃນການທໍາຄວາມສະອາດແຂ້ວຍາກ ແລະເຫືອກທີ່ຢູ່ໃນພື້ນທີ່ແຂ້ວຖືກລຽງຕົວຜິດປົກກະຕິ ການລຽງແຂ້ວຫຼືການທົບຂອງແຂ້ວທີ່ບໍ່ເໝາະສົມ  ນອກຈາກນີ້ຍັງສົ່ງເສີມບຸກຄະລິກກະພາບໂດຍການມີແຂ້ວທີ່ລຽງກັນແບບສວຍງາມ.\nໃຜເປັນທັນຕະແພດຈັດແຂ້ວ?\nທັນຕະແພດແຂ້ວທີ່ໃຫ້ການຮັກສາທາງດ້ານທັນຕະກຳ (Orthodontist) ຄືທັນຕະແພດທີ່ໄດ້ຮັບການສຶກສາເພື່ອຊ່ຽວຊານດ້ານຈັດແຂ້ວ. ຈາກມະຫາວິທະຍາໄລຂອງລັດທີ່ມີຫຼັກສູດຢ່າງຫນ້ອຍ 2 ປີເພື່ອໃຫ້ຄວາມຮູ້ແລະຄວາມສາມາດໃນການວິນິດໄສ, ປ້ອງກັນແລະຮັກສາຄວາມຜິດປົກະຕິໃນການທົບແຂ້ວ. \nຂໍ້ປະຕິບັດໃນລະຫວ່າງການຈັດແຂ້ວ\n- ຫຼີກ​ລ່ຽງ​ການ​ຮັບປະທານ​ອາຫານ​ແຂງ. ສິ່ງທີ່ໜຽວ ແລະ ໜຽວ, ເຊັ່ນ: ການກັດກ້ອນນ້ຳແຂງ, ຫຍ້ຳປາມຶກ, ໝາກຖົ່ວ, ເຂົ້າໜົມອົມ, ຂີ້ໝິ້ນ, ຫຼືໝາກຝຣັ່ງ, ເພາະສິ່ງເຫຼົ່ານີ້ສາມາດເຮັດໃຫ້ເຄື່ອງມືດັດແຂ້ວຂອງທ່ານຫຼຸດໄດ້ຂອງທ່ານໄດ້.\n- ການກິນຜັກ ແລະ ໝາກໄມ້ຄວນຕັດເປັນຕ່ອນນ້ອຍໆ. ແລະຫຍ້ຳດ້ວຍແຂ້ວແຖວກາມຫລັງ ຄວນເລືອກກິນອາຫານອ່ອນ\n- ໃນໄລຍະທຳອິດຂອງການຈັດແຂ້ວ, ແຂ້ວມັກຈະເຈັບ ແລະ ອາດມີບາດແຜໃນປາກ ເຊິ່ງອາການຈະຄ່ອຍໆເບົາລົງພາຍໃນອາທິດທີ 2 ຫຼຸດການລະຄາຍເຄືອງດ້ວຍການເອົາຢາຂີ້ເຜິ້ງທີ່ໄດ້ຮັບຈາກຫມໍມາປົກທັບບໍລິເວນແຫຼມຄົມດັງກ່າວແລະການດື່ມນ້ໍາໃຫ້ຫຼາຍ ຈະເຮັດໃຫ້ບາດແຜຫາຍດີໄວຂຶ້ນ\n\n- ຖ້າມີເສັ້ນລວດນ້ອຍໆງໍມາບາດຮິມປາກປາກ ຫຼື ແກ້ມ ໃຫ້ໃຊ້ຂອງບໍ່ມີຄົມ ເຊັ່ນ: ຢາງລຶບສໍເພື່ອເຊັດເຫຼົ້າ. ກົດທ້າຍລວດເຂົ້າໄປ ຫຼືໄປພົບຫມໍເພື່ອຕັດປາຍລວດອອກໄດ້\n- ຖູແຂ້ວຫຼັງອາຫານທຸກຄັ້ງ. ເພື່ອຫຼຸດຜ່ອນການເກີດຂອງແຂ້ວແມງໃນລະຫວ່າງການຮັກສາແຂ້ວ\n- ໃນ​ລະ​ຫວ່າງ​ການ​ປິ່ນ​ປົວ​ແຂ້ວ​, ທ່ານ​ຄວນ​ຈະ​ໄປ​ພົບ​ຫມໍເພື່ອຂູດຫິນປູນ​. ອະນາໄມແຂ້ວ ແລະກວດຫາາແຂ້ວແມງທຸກໆ 6 ເດືອນ\n', 'bcf1460f-d14f-447b-8c37-3f788a3c638d.png', 'no', '2022-06-08 12:27:39', '2022-06-08 12:51:02'),
(5, 'ໂລກເຫືອກອັກເສບ ຫຼື ປະລິທັນ', 'ໜັກກວ່າໂລກເຫືອກອັກເສບທ່ານ​ຮູ້​ບໍ່​ວ່າ ? ຍັງມີໂລກປະລິທັນ !...ຫລາຍຄົນອາດຈະຄຸ້ນເຄີຍກັບຊື່ພະຍາດນີ້ ເພາະຮຽນນຳກັນຕັ້ງແຕ່ຊັ້ນປະຖົມ ແຕ່ອາດຈະລືມວ່າມັນເປັນອັນຕະລາຍແນວໃດ ມື້ນີ້ພວກເຮົາຈະທົບທວນຄວາມຮູ້ເລັກນ້ອຍ ແຕ່ປະໂຫຍທີ່ໄດ້ນັ້ນມະຫາສານຕໍ່ສຸຂະພາບຊ່ອງປາກຂອງພວກເຮົາ ... ຖ້າກຽມພ້ອມ. ມາເລີ່ມຫ້ອງຮຽນກັນເລີຍ!\nໂລກປະລິທັນ\nໂລກປະລິທັນ, ເປັນໂລກທີ່ມີການອັກເສບຂອງອະໄວຍະວະທີ່ອ້ອມຮອບແຂ້ວຂອງພວກເຮົາ, ໄດ້ແກ່ ເຫືອກ, ເອັນຍຶດປະລິທັນ ເຄືອບຮາກແຂ້ວ ແລະ ກະດູກເບົ້າແຂ້ວ ຖ້າປ່ອຍຖິ້ມໄວ້ອະໄວຍະວະເຫຼົ່ານີ້ຈະຖືກທໍາລາຍຢ່າງຊ້າໆ, ໃນທີ່ສຸດພວກມັນບໍ່ສາມາດປິ່ນປົວໄດ້ອີກຕໍ່ໄປ ... ຕ້ອງເສຍແຂ້ວໄປຢ່າງຖາວອນ. ຖອນຖິ້ມຢ່າງດຽວ!\nໂລກປະລິທັນ\n     ຄວາມຮ້າຍກາດຂອງພະຍາດຂອງໂລກປະລິທັນຈະບໍ່ຢຸດຢູ່ຊ່ອງປາກ! ເພາະມີລາຍງານວ່າໂລກປະລິທັນມີກ່ຽວຂ້ອງກັບອະໄວຍະວະຕ່າງໆຂອງຮ່າງກາຍ ສົ່ງຜົນກະທົບເປັນຕ່ອງໂສ້ຢ່າງຕໍ່ເນື່ອງ ແລະອາດເຮັດໃຫ້ເກີດພະຍາດອື່ນໆຕາມມາເຊັ່ນ: ໂລກເບົາຫວານ, ໂລກຫົວໃຈ, ໂລກທາງສະໝອງ, ບໍ່ເວັ້ນແຕ່ໂລກກະດູກພຸນ!... ຍັງບໍ່ພໍ! ໂລກປະລິທັນອາດຈະເກີດຂື້ນໂດຍບໍ່ຮູ້ຕົວໝາຍຄວາມວ່າ ຫຼາຍຄົນອາດຈະເປັນພະຍາດນີ້ ແຕ່ອາການຍັງບໍ່ອອກມາ ໂອ້! ອັນຕະລາຍປານໃດ ພວກເຮົາຕ້ອງລະມັດລະວັງ ເບິ່ງແຍງຕົວເອງຈາກໂລກນີ້ ເລີ່ມຕົ້ນງ່າຍໆດ້ວຍການກວດເບິ່ງສຸຂະພາບຊ່ອງປາກດ້ວຍຕົວທ່ານເອງວ່າເຮົາມີສັນຍານທີ່ຈະໂລກປະລິທັນຕາມ 13 ຂໍ້ລຸ່ມນີ້ບໍ່?\n          1. ເຫືອກແດງ ຫຼື ສີແດງເຂັ້ມ.\n          2. ເຫງືອກລະຫວ່າງແຂ້ວ ໂພງ ຫຼື ບວມ\n          3. ເວລາເມື່ອຍ ຫຼື ຄຽດເຫງືອກມັກຈະບວມຂຶ້ນ.\n          4. ເຫງືອກຫຼ້ອນເຫັນຊ່ອງຫວ່າງຫຼາຍລະຫວ່າງແຂ້ວ\n          5. ເຫັນໄດ້ຊັດວ່າແຂ້ວເຮົາຍາວອອກ\n          6. ເມື່ອ​ເຈົ້າ​ໃຊ້​ລີ້ນ​ສຳ​ຜັດ​ກັບ​ແຂ້ວ​ຈະ​ຮູ້ສຶກ​ຫຍາບໆ​ຄື​ແຂ້ວ​ມີ​ບາງ​ຢ່າງຕິດ​ຢູ່.\n          7. ເລືອດອອກໃນຂະນະທີ່ຖູແຂ້ວ ໂດຍສະເພາະຕາມເຫງືອກແລະຊອກແຂ້ວ\n          8. ເວລາຕື່ນນອນຈະຮູ້ສຶກວ່າພາຍໃນປາກມີລົດຊາດຂົມໆໜຽວໆ\n          9. ເມື່ອບີຍທີ່ເຫງືອກຈະມີໜອງສີຂາວໄຫຼອອກມາ.\n          10. ແຂ້ວຄອນ\n          11. ເສດອາຫານຕິດຢູ່ໃນຮ່ອງລະຫວ່າງແຂ້ວໄດ້ງ່າຍ.\n          12. ແຂ້ວດ້ານໜ້າເຈີງ ຫຼາຍກ່ວາເກົ່າ\n          13. ມີກິ່ນປາກ\n          ຖ້າໃຜມີອາການທີ່ກົງກັບອາການຂ້າງເທິງນີ້ແມ້ແຕ່ຂໍ້ດຽວ ສະແດງວ່າມີຄສາມຄວາມເປັນໄປໄດ້ທີ່ທ່ານອາດຈະເໂລກປະລິທັນໂດຍບໍ່ຮູ້ຕົວ. ສະນັ້ນ, ຄວນຮີບຟ້າວໄປປຶກສາທັນຕະແພດໃຫ້ໄວ ເພາະຍິ່ງຮູ້ໄວເທົ່າໃດ ກໍຍິ່ງສາມາດປິ່ນປົວໄດ້ໄວເພື່ອບໍ່ແຜ່ລາມໄປສູ່ຈຸດທີ່ສູນເສຍແຂ້ວແລະ ເຫງືອກ ຫຼືທຸກທໍລະມານຈາກໂລກອື່ນໆທີ່ຕາມມາ\n          ແຕ່ສໍາລັບຜູ້ທບໍ່ມີອາການຂ້າງເທິງນີ້, ຢ່າຟ້າວສະລ່າໃຈ ເຫງືອກ ແລະ ແຂ້ວຂອງເຈົ້າອາດຈະບໍ່ມີສຸຂະພາບດີເທົ່າທີ່ເຈົ້າຄິດ. ເພື່ອໃຫ້ແນ່ໃຈທ່ານຈໍາເປັນຕ້ອງເບິ່ງຊອກເຫງືອກ ເພາະວ່າຊອກເຫງືອກອາດບໍ່ສະອາດພຽງພໍ ມັນຈະກາຍເປັນຮູເພື່ອເກັບກັກເສດພາກອາຫານ, ແລະເຊື້ອແບັກທີເຣຍແລະທີ່ມາຂອງບັນຫາເຫງືອກ\n', '399bf3f1-6c35-4b4b-8afe-e2dc2b937c50.png', 'no', '2022-06-08 12:28:54', '2022-06-08 12:50:04'),
(6, 'ການອູດແຂ້ວ ເປັນແນວໃດ?', 'ການອູດແຂ້ວ ຮູ້ຄົບຈົບທຸກເລື່ອງ\nການອູດແຂ້ວ ເປັນການບູລະນະແຂ້ວຢ່າງໜຶ່ງໂດຍໃຊ້ວັດສະດຸອູດແຂ້ວເຂົ້າໄປເຕິມເຕັມໃນສ່ວນທີ່ຂາດຫາຍໄປ ເພື່ອໃຫ້ໄດ້ຮູບຮ່າງແຂ້ວທີ່ຄົງເດີມເກິດຄວາມແຂງແຮງ ສາມາດໃຊ້ງານໄດ້ຕາມປົກກະຕິ ໂດຍການທົດແທນເນື້້ອແຂ້ວທີ່ສູນຫາຍໄປຈາກກໍລະນີຕ່າງໆດັ່ງນີ້:\n1. ແຂ້ວແມງ\n2. ແຂ້ວຫ້ຽນ\n3. ແຂ້ວແຕກຫັກ ຫຼື ບິ່ນ ເນື່ອງຈາກອຸບັດຕິເຫດ\n4. ວັດສະດຸອຸດເກົ່າ ເປ່ເພ ຫຼືບິ່ນ\n\nຂໍ້ສຳຄັນອິກປະການ ເພື່ອໃຫ້ໄດ້ແຂ້ວກັບມາມີຮູບຮ່າງຕາມປົກກະຕິ ສາມາດໃຊ້ຫຍ້ຳອາຫານໄດ້ ລວມເຖິງມີຄວາມສວຍງາມ ໂດຍສະເພາະບໍລິເວນແຂ້ວດ້ານນໜ້າ\n\n#ຂໍ້ດີຂອງການອູດແຂ້ວ\n1. ຫຼຸດຜ່ອນແຂ້ວແມງ ລຸກລາມ ແລະ ຫຼຸດຜ່ອນອາການສຽວແຂ້ວ\n2. ເສີມເນື້ອແຂ້ວທີ່ຫານໄປໃຫ້ກັບມາແຂງແຮງ ແລະໃຊ້ງານໄດ້ອີກຄັ້ງ\n3. ໄດ້ຄວາມສວຍງາມ ເພາະໃຊ້ວັດສະດຸອູດສີຄືແຂ້ວຈິງ\n4. ເປັນການບູລະນະແຂ້ວທີ່ວ່ອງໄວ ແລະ ລາຄາຍ່ອມເຍົາ\n#ຂໍ້ເສຍຂອງການອູດແຂ້ວ\n1.ອາດມີອາການເຈັບວດ ແລະ ເກິດຄວາມຄຽດຂະນະຮັບການຮັກສາ\n2. ວັດສະດຸອູດສີຄືແຂ້ວໃຫ້ຄວາມແຂງແຮງໜ້ອຍກວ່າການເຮັດຄອບແຂ້ວຫຼືບໍ່ສາມາດເຮັດການຮັກສາໃນກໍລະນີສູນເສຍແຂ້ວເປັນຈຳນວນຫຼາຍໄດ້\n3.ການສັກຢາເພື່ອອູດແຂ້ວ ອາດເຮັດໃຫ້ບໍ່ສາມາດປເມິນການທົບແຂ້ວໄດ້ຖືກຕ້ອງ\n\nພາວະແຊກຊ້ອນຫຼັງຈາກອູດແຂ້ວ\n1. ອາດພົບອາການສຽວແຂ້ວພາຍຫຼັງການຮັກສາ 1-2 ອາທິດ\n2. ກໍລະນີແຂ້ວແມງເລິກອາດສົ່ງຜົນໃຫ້ມີການຕິດເຊື້ອໃນໂພງປະສາດແຂ້ວລະດັບເຊວໂມເລກຸນ ເຊິ່ງບໍ່ສາມາດແນມອອກໄດ້ດ້ວຍຕາເປົາ ພາຍຫຼັງການອູດແຂ້ວ ອາດມີການປວດໄດ້ ເຊິ່ງແກ້ໄຂດ້ວຍການມາຮັກສາຮາກແຂ້ວ\n\nຄຳແນະນຳພາຍຫຼັງການຮັກສາ\n1. ຄວນຫຼີກລ້ຽງການຫຍ້ຳອາຫານແຂງ ເພື່ອປ້ອງກັນການແຕກຂອງວັດສະດຸອຸດຫຼືເກິດຄວາມເສຍຫາຍຕໍ່ແຂ້ວໄດ້\n2. ອາດມີການສຽວແຂ້ວ ເມື່ອຮັບປະທາອາຫານທີ່ຮ້ອນຈັດຫຼືເຢັນຈັດ ພາຍຫຼັງການອູດແຂ້ວຄວນລ້ຽງອາຫານດັ່ງກ່າວ ອາການເຫຼົ່ານີ້ ຄວນຫາຍໄປເອງພາຍໃນ 2-3 ອາທິດ\n3. ຫາກມີອາການເຈັບແຂ້ວ ເວລາຫຍ້ຳອາຫານພາຍຫຼັ້ງການອູດ ອາດເກິດວັດສະດຸອູດແຂ້ວສູງເກີນໄປ ໃຫ້ກັບມາພົບທັນຕະແພດທັນທີ\n4.ຫາກວັດສະດຸແຂ້ວຫຼຸດໃຫ້ກັບມາອູດໃໝ່ ຢ່າປ່ອຍຖິ້ມໄວ້ເພາະອາດເກີດແຂ້ວແມງລາມຈົນບໍ່ສາມາດບູລະນະດ້ວຍການອູດໄດ້\n5.ຄວນທຳຄວາມສະອາດແຂ້ວດ້ວຍການຖູແຂ້ວໃຫ້ຖືກວິທີ ແລະໃຊ້ໄໝຂັດຟັນຢ່າງສະໝ່ຳສະເໝີ\n6. ຄວນພົບທັນຕະແພດເພື່ອກວດສຸຂະພາບແຂ້ວທຸກໆ 6 ເດືອນ\n', 'f20ae83a-4643-43c8-b2b1-e832e42d62ff.png', 'no', '2022-06-08 12:30:23', '2022-06-08 12:51:59'),
(7, 'ເປັນຫຍັງຕ້ອງຂູດຫິນປູນ?', 'ເປັນຫຍັງຕ້ອງຂູດຫິນປູນ?\n\nຄາບຫີນປູນແມ່ນຫຍັງ?\nຄາບຫີນປູນແມ່ນເກີດມາຈາກເຊື້ອແບັກທີເຣັຍໃນປາກຂອງພວກເຮົາທີ່ປະຕິກິລິຍາກັບເສດອາຫານທີ່ຕົກຄ້າງລະຫວ່າງຊອກແຂ້ວ. ເຮັດໃຫ້ເກີດເປັນຟີມເຄືອບແຂ້ວອີກເທື່ອຫນຶ່ງຈົນຕິດແໜ້ນຝັງເລິກກາຍເປັນຄາບຫີນປູນ\n\nຄາບຫີນປູນສາມາດເກີດຂື້ນໄດ້ກັບແຂ້ວຂອງທຸກຄົນບໍ່ວ່າທ່ານຈະດູແລແຂ້ວໄດ້ດີປານໃດ ເພາະເປັນເລື່ອຍາກທີ່ຈະກໍາຈັດເຊື້ອແບັກທີເຣັຍແລະ ເສດອາຫານອອກໄປຈາກປາກຂອງເຮົາໄດ້ 100% ພຽງແຕ່ຜູ້ທີ່ດູແລທໍາຄວາມສະອາດແຂ້ວ ແລະສ່ວນອື່ນໆຂອງປາກໃຫ້ດີກໍ່ຈະມີຄາບຫີນນ້ອຍກວ່າຄົນອື່ນໆເທົ່ານັ້ນເອງ.\n\nຄາບຫີນປູນເປັນອັນຕະລາຍແນວໃດ? ບໍ່ຂູດອອກໄ້ບໍ? \nຖ້າພວກເຮົາປ່ອຍໃຫ້ຄາບຫີນປູນຢູ່ເຫງືອກຫຼືແຂ້ວຂອງພວກເຮົາເປັນເວລາດົນນານ ອາດຈະເຮັດໃຫ້ເກີດແຂ້ວແມງ ຫຼື ໂລກເຫງືອກອັກເສບຊຶ່ງຈະເປັນສາເຫດຕົ້ນຕໍ ສົ່ງຜົນໃຫ້ມີການເສື່ອມສະພາບຂອງສຸຂະພາບແຂ້ວໃນເວລາຕໍ່ມາ, ສະນັ້ນຄວນຈະຂູດຄາບຫີນປູນອອກຈາກແຂ້ວຕັ້ງແຕ່ເນີ້ນໆຈະດີທີ່ສຸດ\n\nຄາບຫີນປູນສາມາດຂູດອອກເອງໄດ້ບໍ?\nໃນຄົນມີຄາບຫີນປູນເກາະຈົນເຫັນໄດ້ຊັດ ແລ້ວຢາກຫາສິ່ງທີ່ແຫຼມແລະແຂງ ມາຂູດເອງ, ແຕ່!!!ຂໍເຕືອນວ່າຢ່າເຮັດດີກວ່າ. ນອກຈາກຈະເອົາຄາບຫີນປູນອອກບໍ່ໄດ້ແບບທີ່ຄິດແລ້ວ ອຸ​ປະ​ກອນ​ທີ່​ທ່ານ​ນໍາ​ໃຊ້​ ແລະວິທີການຂອງທ່ານອາດຈະເຮັດໃຫ້ເກີດການບາດເຈັບ. ເປັນບາດແຜໃນປາກຈົນເລືອດອອກ. ຫຼື ເຫືອກໃຄ່ບວມ ແລະຖ້າທ່ານເຫັນຄ່າໃຊ້ຈ່າຍໃນການປິ່ນປົວ, ແນ່ນອນຈະບໍ່ກ້າທີ່ຈະເຮັດມັນເອງອີກ. ເພາະສະນັ້ນ, ຖ້າທ່ານຕ້ອງການເອົາ ຄາບຫີນປູນອອກຄວນໃຫ້ທັນຕະແພດໃຊ້ເຄື່ອງກຳຈັດຄາບຫີນປູນອອກໂດຍສະເພາະເທົ່ານັ້ນ.\n\nເຮົາສາມາດລົດຄາບຫີນປູນໄດ້ແນວໃດ?\nຖ້າເຈົ້າບໍ່ຕ້ອງການຄາບຫີນປູນມາເກາະກັບແຂ້ວຂອງເຈົ້າຫຼາຍ, ທ່ານຄວນຖູແຂ້ວຂອງເຈົ້າເພື່ອເຮັດຄວາມສະອາດແຂ້ວທັງຫມົດ. ແລະລີ້ນຢ່າງຫນ້ອຍສອງເທື່ອຕໍ່ມື້, ແລະແຕ່ລະຄັ້ງຕ້ອງດົນກວ່າ 30 ວິນາທີ ຢ່າລືມຕ້ອງດັນແປງຖູແຂ້ວເຂົ້າໄປທາງໃນໃຫ້ຮອດເຫຼັ້ມສຸດທ້າຍພ້ອມ\n\nເລືອກຢາສີຟັນທີ່ມີ fluoride. ເພື່ອປ້ອງກັນການເສື່ອມຂອງແຂ້ວແລະສານໄຕໂຄຊານທີ່ຊ່ວຍຍັບຍັ້ງການເກີດຂອງເຊື້ອແບັກທີເຣັຍເພື່ອກໍາຈັດເສດອາຫານທີ່ຕິດຢູ່ລະຫວ່າງແຂ້ວ. ທ່ານສາມາດໃຊ້ໄໝຂັດແຂ້ວຫຼັງຈາກກິນອາຫານໄດ້ຫຼືທ່ານສາມາດໃຊ້ຫຼັງການຖູແຂ້ວກໍ່ໄດ້\n\nນອກຈາກນັ້ນ, ຫຼຸດຜ່ອນອາຫານທີ່ມີທາດແປ້ງ, ນ້້າຕານ, ນໍ້າອັດລົມ, ແລະອາຫານທີ່ມີກົດຫຼາຍ. ມັນຈະຊ່ວຍຮັກສາ ເຄືອບແຂ້ວບໍ່ໃຫ້ມີຄາບຫີນປູນມາເກາະໄດ້ງ່າຍ ລວມທັງການລະເວັ້ນຈາກການສູບຢາ ແລະໄປພົບຫມໍປົວແຂ້ວທຸກໆ 6 ເດືອນເພື່ອກວດແຂ້ວເປັນປະຈຳ ມັນຈະຊ່ວຍຮັກສາສຸຂະພາບຂອງແຂ້ວໃຫ້ສະອາດແລະແຂງແຮງ. ຫຼຸດຜ່ອນການເກິດຄາບຫີນປູນຝັງແໜ້ນເຊັ່ນດຽວກັນ\n', 'a2d9cbf4-7b3e-4531-b35a-c4ddd704b1cf.png', 'no', '2022-06-08 12:42:14', '2022-06-08 12:52:40'),
(8, 'ແຂ້ວຊາວ ຄວນຖອນ!', '\"ແຂ້ວຊາວ\", ເປັນຫຍັງຕ້ອງຫຼົກ?\n\nແຂ້ວຊາວ ເປັນ​ຫຍັງ​ຈຶ່ງ​ອັນຕະລາຍ ແຂ້ວຊາວ​ເປັນ​ແຂ້ວ​ທີ່​ບໍ່ໄດ້ຂຶ້ນຕົງໆ ຕາມແຂ້ວປົກກະຕິທົ່ວໄປ. ແຂ້ວຊາວເຫຼັ້ມໃຫຍ່ອັນສຸດທ້າຍນີ້ ມີອາຍຸຂອງແຂ້ວຕັ້ງແຕ່ອາຍຸ 15-23 ປີ ໂດຍແຂ້ວອາດຈະຂຶ້ນຢູ່ໃນຊ່ອງປາກບໍ່ໄດ້ໂດຍທິດທາງຂອງໂຕແຂ້ວຈະມີການຂຶ້ນທີ່ອຽງໆຫຼືລົ້ມເຂົ້າຫາແຂ້ວກົກໂຕທີ່2ຫຼືຂຶ້ນໄດ້ບາງສ່ວນແບບເລັກໜ້ອຍ ຫຼືຂີ້ຄ້ານທີ່ສຸດແມ່ນບໍ່ຍອມຂຶ້ນມາໃຫ້ເຫັນສ່ວນຂອງໂຕແຂ້ວເລີຍເຊິ່ງແຮງຂອງການປົ່ງແຂ້ວເຮັດໃຫ້ມີການດັນແຂ້ວກົກເຫຼັ້ມທີ່2ເຮັດໃຫ້ມີອາການເຈັບແຂ້ວ ຫຼືເຫືອກທີ່ປົກຄຸມແຂ້ວຊາວຈະມີອາການໄຄ່ບວມ ເມື່ອກິນອາຫານ ອາຫານຈະກະແທກເຫືອກຮ່ວມກັນ ເສດອາຫານອາດຈະໄປອຸດຕິດກັບກັບບໍລິເວນເຫງືອກ ເຮັດໃຫ້ເຫືອກບວມແດງຫຼືອ້າປາກບໍຂຶ້ນ ຫຍ້ຳອາການບໍ່ໄດ້ ເຊິ່ງເຮັດໃຫ້ລ່ມໄປຫາກະພຸ້ງແກ້ມເຮັດໃຫ້ໃບໜ້າບໍລິເວນແກ້ມມີການໄຄ່ບວມ.\n\nກໍລະນີທີ່ແຂ້ວຊາວບໍ່ເຮັດໃຫ້ເກີດການອັກເສບຫຼືອາການບວມຢູ່ໃນເຫງືອກ, ແຕ່ບໍ່ສາມາດຂຶ້ນຢູ່ໃນຊ່ອງປາກໄດ້. ແຂ້ວຂະຫນາດໃຫຍ່ຖືກຝັງຢູ່ໃນຄາງກະໄຕ ອາດສົ່ງຜົນໃຫ້ມວນກະດູກຄາງກະໄຕບໍລິເວນນັ້ນບາງລົງມີໂອກາດທີ່ຈະຫັກໄດ້ຢ່າງງ່າຍລະລາຍຮາກແຂ້ວຮາກແຂ້ວຈາກການດັນຕົວຂຶງມັນ ມີໂອກາດກາຍເປັນຖົງນ້ຳຫຼືເນື້ອງອກເຮັດໃຫ້ແຂ້ວແມງໄດ້ງາຍ\n', '9ab44a65-f141-4e87-a195-5d168bf4769e.png', 'no', '2022-06-08 12:43:18', '2022-06-08 12:53:31'),
(9, 'ວ່າດ້ວຍເລື່ອ \"ແຂ້ວແຕກຫັກ\"', '“ແຂ້ວແຕກຫັກ\" ແກ້ໄຂໄດ້ແນວໃດ?!!\n\nແນ່ນອນ, ສິ່ງທີ່ເກີດຂື້ນທັນທີທັນໃດເມື່ອແຂ້ວຂອງເຈົ້າແຕກຫັກແມ່ນຄວາມເຈັບປວດ. ແຕ່ທີ່ເປັນເລື່ອງກວ່ານັ້ນກະຄື ຫຼັງຈາກການຊ່ວຍປະຖົມພະຍາບານຄັ້ງທໍາອິດແລະກິນຢາແກ້ປວດແລ້ວ ສິ່ງ​ທີ່​ເຈົ້າ​ຄວນ​ເຮັດ​ໃຫ້​ໄວ​ເທົ່າ​ທີ່​ຈະ​ໄວ​ໄດ້​ຄື​ໄປ​ພົບ​ທັນຕະແພດ ເຈົ້າອາດຈະໃຊ້ນ້ຳກ້ອນເພື່ອຫຼຸດອາການບວມໃຫ້ຄ່ອຍລົງໄດ້. ແຕ່ຢ່າລືມລ້າງປາກຂອງເຈົ້າໃຫ້ລະອຽດແລະເອົາເສດອາຫານອອກ ແລະເມື່ອທ່ານໄປພົບທັນຕະແພດສິ່ງເຫຼົ່ານີ້ອາດຈະເປັນການປິ່ນປົວທີ່ທ່ານເລືອກໄດ້.\n\nການອູດແຂ້ວ\nຖ້າຄວາມເສຍຫາຍຕໍ່ແຂ້ວຂອງທ່ານບໍ່ໃຫຍ່ຫຼາຍ ຫຼືອາດຈະຖືກທໍາລາຍເປັນແມງນ້ອຍ ທັນຕະແພດຈະແນະນໍາ ໃນເບື້ອງຕົ້ນ, ຄືຈະເອົາເນື້ອແຂ້ວ ຮອບແຂ້ວສ່ວນທີ່ເສຍຫາຍອອກແລະປັບສະພາບໃຫ້ເຫມາະສົມກັບການອູດແຂ້ວ. ໂດຍເຮົາສາມາດເລືອກວັດສະດຸສີໃຫ້ຄືແຂ້ວແທ້ທີ່ສຸດນັ່ນກໍ່ຄືເຣຊິນໃສ່ເຂົ້າໄປໃນສ່ວນທີ່ແຕກຫັກຂອງແຂ້ວແລະຫຼັງຈາກນັ້ນ ໃຊ້ການສາຍແສງໃຫ້ເພື່ອໃຫ້ແຂງໂຕແລະຂັດໃຫ້ສໍາເລັດຮູບທີ່ສວຍງາມ. ວິທີການນີ້​ຈະ​ມີອາຍຸງານ​ປະ​ມານ 10 ປີ​ ແຕ່ກໍ່ສາມາດມີຄາບໄດ້ຄືກັບແຂ້ວທຳມະຊາດຫຼືໃຜຈະເລືອອູດແບບເງິນຫຼືທອງກໍ່ໄດ້ ເພາະຈະມີອາຍຸການໃຊ້ງານທີ່ຍາວກວ່າ ແຕ່ມັນມີລາຄາສູງ ຫຼື ເລືອກໃຊ້ເງິນທອງແບບທີ່ບໍ່ແພງຫຼາຍກໍ່ໄດ້.\n\nເຮັດວີເນຍ\nຖ້າແຂ້ວທີ່ມີບັນຫາ ບໍ່ວ່າຈະເສື່ອມ, ແຕກ, ຫັກ ຫຼື ບິ່ນ ຈະສົ່ງຜົນກະທົບຕໍ່ບຸກຄະລິກກະພາບຂອງເຈົ້າໂດຍກົງ. ບໍ່ແມ່ນພຽງແຕ່ແຂ້ວທີ່ມີບັນຫາແຕ່ຍັງເປັນຮອຍຍິ້ມທີ່ສົ່ງຜົນກະທົບຕໍ່ຄວາມຫມັ້ນໃຈຂອງເຈົ້າເຊັ່ນກັນ. ໃນກໍລະນີນີ້, ບໍ່ມີຫຍັງທີ່ຫນ້າສົນໃຈເທົ່າກັບການເຮັດ ວີເນຍ. ເຊີ່ງເປັນແຜ່ນບາງໆຂອງວັດສະດຸ ເຮັດດ້ວຍ porcelain ທີ່ຈະວາງໃສ່ແຂ້ວ ເຊິ່ງການເຮັດ veneers ສາມາດຢູ່ໄດ້ຫຼາຍກວ່າ 20 ປີຖ້າທ່ານດູແລພວກມັນຢ່າງຖືກຕ້ອງ. ນອກນັ້ນທ່ານຍັງສາມາດເລືອກລະດັບຂອງຄວາມເຂັ້ມອ່ອນຂອງສີແຂ້ວ veneer ໄດ້. ເຮັດໃຫ້ຄົນອື່ນບໍ່ຄ່ອຍສັງເກດເຫັນສິ່ງນັ້ນ ຜົນປະໂຫຍດຂອງການເຮັດ veneers ນອກຈາກການສ້ອມແປງແຂ້ວທີ່ມີບັນຫາແລ້ວ ທ່ານຍັງສາມາດປັບຮູບຮ່າງຂອງແຂ້ວຂອງທ່ານໃຫ້ງາມຫຼາຍຂຶ້ນພ້ອມ.\n\nການຝັງແຂ້ວ\nການຝັງແຂ້ວອາດຈະເປັນທາງເລືອກສໍາລັບແຂ້ວທີ່ສູນເສຍແຂ້ວທັງຫມົດ. ເຊັ່ນ: ຮາກຂອງແຂ້ວຕາຍ ຖ້າທ່ານຫມໍຕັດສິນໃຈວ່າທ່ານຈໍາເປັນຕ້ອງຖອນແຂ້ວທັງໝົດ ແລະຕ້ອງສ້າງແຂ້ວໃໝ່ຂຶ້ນມາທີ່ເຮົາເອີ້ນວ່າແຂ້ວປອມ  ແລະ ການຝັງແຂ້ວໃນທຸກມື້ນີ້ເບິ່ງຮູ້ສຶກຄືກັບແຂ້ວທໍາມະຊາດແທ້ໆ. ຢ່າງຫນ້ອຍມັນແນ່ນອນງາມກວ່າດີກວ່າປ່ອຍໃຫ້ມັນເປັນຊ່ອງວ່າງໄປແລະແນ່ນອນມັນຄຸ້ມຄ່າແລະດີສໍາລັບທ່ານ\n', '63daaa5c-fd33-47aa-b842-9b2ffa2f0b19.png', 'no', '2022-06-08 12:44:09', '2022-06-08 12:54:25'),
(10, 'ມະເຮັງຊ່ອງປາກ ທີ່ຄວນຕື່ນຕົວ', 'ລອຍໂລກກ່ອນເປັນມະເລັງຊ່ອງປາກຈະສັງເກດໄດ້ແນວໃດ?\n#ລັກສະນະຂອງຮອຍໂລກມະເລັງ  ມີຝ້າຂາວຫຼືແດງໃນຊ່ອງປາກ ເປັນບາດແຜ ມີກ້ອນນູນ\n\n*ການເກີດຮອຍມະເລັງຊ່ອງປາກ\n- ເກິດໄດ້ທຸກທີ່ໃນຊ່ອງປາກທີພົບເຫັນຕະຫຼອດໄດ້ແກ່ ກະພຸ້ງແກ້ມ ລິ້ນ ເຫືອກ ເພດານປາກ\n- ມັກພົບໄດ້ກັບຄົນອາຍຸ 40 ປີຂຶ້ນໄປໃນຄົນຕ່ຳກວ່າ 40 ປີ ພົບໄດ້ແຕ່ນ້ອຍ\n\nປັດໃຈສ່ຽງ\n-ສູບຢາ, ດື່ມສຸລາ, ຄ້ຽວໝາກ, ໃສ່ແຂ້ວປອມບໍ່ພໍດີ, ຂອບແຂ້ວຄົມບາດເຮັດໃຫ້ເກີດບາດແຜ. \n\n* ການສັງເກດຕົນເອງ\n- ໝັ້ນສັງເກດຮອຍແຜຫຼືສິ່ງຜິດປົກກະຕິ ໃນຊ່ອງປາກຂະນະທຳຄວາມສະອາດ\n- ສັງເກດວ່າແຂ້ວປອມຍັງໃຊ້ງານໄດ້ພໍດີປົກກະຕິບໍ?\n\n*ການຮັກສາ ມະເລັງຊ່ອງປາກ\n- ຜ່າຕັດ / ສາຍແສງ / ເຄມີບຳບັດ\n-  ສາມາດຮັກສາໃຫ້ຫາຍໄດ້ຖ້າກວດພົບເຫັນ\n\n*ບາດແຜໃນຊ່ອງປາກ VS ຮອຍໂລກກ່ອນເກີດມະເລັງ\n- ບາດແຜໃນຊ່ອງປາກທົ່ວໄປມີຂະໜາດນ້ອຍ ລ/ນ ມັກລຽບ ບໍ່ໂນນແດງ ແລະສາມາດເຊົາເອງໄດ້ພາຍໃນ 2-3 ອາທິດ\n- ບາດແຜມະເລັງ ມັກມີຂະໜາດໃຫຍ່ ຂຸຂະບໍ່ລຽບ ມີຂອບໂນນແດງ ແລະ ມີເລືອດອອກງ່າຍ ນານເຊົາ\n\n*ການປ້ອງການການເກີດມະເຮັງຊ່ອງປາກ\n- ບໍ່ສູບຢາ, ບໍ່ດື່ມສຸລາ, ບໍ່ຄ້ຽວໝາກ\n- ໃສ່ແຂ້ວປອມທີ່ພໍດີ\n- ຖູແຂ້ວຢ່າງໜ້ອຍ 2 ເທື່ອ/ ມື້\n- ສຳຫຼວດໃນຊ່ອງປາກສະເໝີວ່າ: ມີຄວາມຜິດປົດກະຕິຫຼືບໍ?\n- ພົບທັນຕະແພດທຸກໆ 6 ເດືອນ ແລະ ຮີບພົບແພດທັນທີເມື່ອມີຄວາມຜິດປົກກະຕິ\n', 'cb649638-5684-4e06-90a5-5ad496a283d2.png', 'no', '2022-06-08 12:45:16', '2022-06-08 12:45:16');

-- --------------------------------------------------------

--
-- Table structure for table `profiles`
--

CREATE TABLE `profiles` (
  `id` int(11) NOT NULL,
  `userId` char(36) CHARACTER SET utf8 COLLATE utf8_bin NOT NULL,
  `firstname` varchar(100) COLLATE utf8_unicode_ci NOT NULL,
  `lastname` varchar(100) COLLATE utf8_unicode_ci NOT NULL,
  `gender` enum('m','f') COLLATE utf8_unicode_ci NOT NULL,
  `birthDate` date NOT NULL,
  `image` varchar(100) COLLATE utf8_unicode_ci DEFAULT NULL,
  `provinceId` int(11) DEFAULT NULL,
  `districtId` int(11) DEFAULT NULL,
  `village` varchar(100) COLLATE utf8_unicode_ci NOT NULL,
  `isDelete` enum('no','yes') COLLATE utf8_unicode_ci NOT NULL DEFAULT 'no',
  `createdAt` datetime NOT NULL DEFAULT current_timestamp(),
  `updatedAt` datetime NOT NULL DEFAULT current_timestamp()
) ENGINE=InnoDB DEFAULT CHARSET=utf8 COLLATE=utf8_unicode_ci;

--
-- Dumping data for table `profiles`
--

INSERT INTO `profiles` (`id`, `userId`, `firstname`, `lastname`, `gender`, `birthDate`, `image`, `provinceId`, `districtId`, `village`, `isDelete`, `createdAt`, `updatedAt`) VALUES
(2, 'f0ed0ed0-7b3f-4a34-9f7c-b7c8d370fb15', 'ສົມບັດ', 'ລາວລີ', 'm', '2022-11-07', '0305d9a0-7740-46cb-9e77-2329919fa20f.png', 2, 10, 'ບຸນເໜືອ', 'no', '2022-05-23 20:36:19', '2022-07-11 15:07:04'),
(4, '4020dce4-9b8e-4685-af14-4beb4b1d51d1', 'mimi', 'phonenida', 'm', '2022-06-01', 'c86693ee-499e-4114-8ff1-2b4d89b21cc1.png', 12, 92, 'ທ່າແຂກ', 'no', '2022-06-06 17:53:12', '2022-06-20 13:04:00'),
(6, '765fb817-71b2-41d5-a255-5402348ad81a', ' ພິມົນ', 'ສຸດທິປະພາ', 'm', '2002-12-06', 'a4202e46-b32b-4d25-9157-c094602d3ae6.png', 1, 3, 'ພົນພະເນົາ', 'no', '2022-06-07 13:56:05', '2022-06-07 13:58:41'),
(7, '8bd83bcf-d4a3-46fe-b5d6-22bbd9816ece', 'ຕຸກພະຄອນ', 'ທອງປັນຍາ', 'm', '2001-04-04', '3c40cee6-dc54-4e9d-8e32-3ffa37223c75.png', 1, 3, 'ວຽງຈະເລີນ', 'no', '2022-06-07 14:11:03', '2022-06-07 14:11:42'),
(8, '2d38e2be-1089-4ace-adcd-c6961ca8b6c5', 'ລາພອນ', 'ກົງສຸລີນ', 'm', '2002-08-07', '10b3cabd-c3a4-4d7a-b5a7-36335ee1ae5e.png', 1, 4, 'ຈອມເພັດ', 'no', '2022-06-07 14:17:27', '2022-06-07 14:33:50'),
(9, 'a4577840-022d-42f2-9eaf-30741d8d6070', 'ເຂັມທີດ', 'ບົວຜາແກ້ວ', 'm', '0000-00-00', '7f3d030a-7a26-4af4-946a-1be374f644fb.png', 1, 6, 'ຊ້າງຄູ້', 'no', '2022-06-07 14:19:59', '2022-06-07 14:34:42'),
(10, '232cfdb4-df20-4c3e-b8ed-67e5e132d3eb', 'ອະນຸສີດ', 'ວົງປະເສີດ', 'm', '0000-00-00', 'd0d55807-5666-4d1d-8e1a-8e47eb9dbb5f.png', 1, 1, 'ອະນຸ', 'no', '2022-06-07 14:21:41', '2022-06-07 14:35:27'),
(11, '368539f8-22d8-49c2-aff2-aa63b8c9b071', 'ສາຍເງີນ', 'ເລືອງລືໄຊ', 'm', '0000-00-00', '9cde98b0-38c8-454d-be49-e9114ec89a3f.png', 1, 2, 'ໜອງແຕ່ງເໜືອ', 'no', '2022-06-07 14:23:46', '2022-06-07 14:36:17'),
(12, '96890127-2050-43a7-9ba6-9083d5de4323', 'ພີມຍາດາ', 'ໂອມະນີ', 'm', '0000-00-00', 'be319d16-fc25-4855-a0ef-c81557d9d537.png', 1, 2, 'ໂນນຂີ້ເຫຼັກ', 'no', '2022-06-07 14:40:16', '2022-06-07 14:49:06'),
(13, '4584f518-b840-4386-a3a1-3c0d729987a8', 'mimi', 'mimi', 'f', '0000-00-00', '55961b0f-a6b7-4cef-bd6b-602b5eab1d11.png', 10, 78, 'ຫວຍຊາຍ', 'no', '2022-06-24 11:43:59', '2022-07-22 12:25:06'),
(15, '895bf64b-6f0b-42fc-be3d-16c3aa619ac7', 'ດວງຕາວັນ ', 'ນະພາສຸກ', 'm', '1990-07-13', 'e02a4059-fe54-49d0-9625-63baaecd0123.png', 8, 58, 'ວຽງແກ້ວ', 'no', '2022-07-21 18:05:35', '2022-07-21 18:05:35'),
(16, '8b1cc2e2-8de8-4ea4-b63e-5c19d6d9e268', 'ຈັນລະຍາ', 'ປະເສີດ', 'm', '1980-04-25', 'faf45aa3-4af9-4c16-b1ab-51e9cfb1171e.png', 15, 127, 'ເຊກອງ', 'no', '2022-07-21 18:07:17', '2022-07-21 18:07:48'),
(17, '1308c15e-a71f-41e1-baf7-910c238a332c', 'ໜູທອງຄຳ', 'ເພັດຈະເລີນ', 'm', '1980-07-04', 'b934eb21-f61d-4cb3-a1d1-bcfa0079fcec.png', 6, 43, 'ວັດຊຽງທອງ', 'no', '2022-07-21 18:10:48', '2022-07-21 18:16:58'),
(18, 'd5a230a1-8d9c-4040-8c9a-d2f1a5ed5a75', 'ອຸທິດ', 'ດວງປັນຢາ', 'm', '1990-07-21', '778ee52b-c695-49fb-97f1-e3a504aa5330.png', 1, 3, 'ໜອງໜ່ຽງ', 'no', '2022-07-21 18:14:30', '2022-07-21 18:14:30'),
(19, 'dbc4b319-8ab2-426e-9ebd-941250a840e4', 'ປາວີນາ', 'ພູມີ', 'f', '1990-07-21', '0fc65461-6d98-4963-a991-36a90864b543.png', 12, 92, ' ວຽງທອງ', 'no', '2022-07-21 18:18:15', '2022-07-21 18:18:15'),
(20, '026a9970-bb7e-49e5-ba96-3cf11ea3824b', ' jo', 'xys', 'm', '0000-00-00', NULL, 1, 1, 'ok', 'no', '2022-07-22 10:54:14', '2022-07-22 10:54:14'),
(21, '9e3e8d1b-ae78-4c1d-83af-7eae107a2095', 'khamxop', 'xayyaseng', 'm', '2001-02-05', NULL, 1, 1, 'DongDok', 'no', '2022-07-22 12:49:16', '2022-07-22 12:49:16');

-- --------------------------------------------------------

--
-- Table structure for table `promotions`
--

CREATE TABLE `promotions` (
  `id` int(11) NOT NULL,
  `name` varchar(100) COLLATE utf8_unicode_ci NOT NULL,
  `detail` mediumtext COLLATE utf8_unicode_ci NOT NULL,
  `image` varchar(100) COLLATE utf8_unicode_ci DEFAULT NULL,
  `start` date NOT NULL,
  `end` date NOT NULL,
  `discount` int(11) DEFAULT NULL,
  `isDelete` enum('no','yes') COLLATE utf8_unicode_ci NOT NULL DEFAULT 'no',
  `createdAt` datetime NOT NULL DEFAULT current_timestamp(),
  `updatedAt` datetime NOT NULL DEFAULT current_timestamp()
) ENGINE=InnoDB DEFAULT CHARSET=utf8 COLLATE=utf8_unicode_ci;

--
-- Dumping data for table `promotions`
--

INSERT INTO `promotions` (`id`, `name`, `detail`, `image`, `start`, `end`, `discount`, `isDelete`, `createdAt`, `updatedAt`) VALUES
(1, 'ຈັດແຂ້ວແບບໃສ', '–ບໍ່ລວມເອົາການຖອນແຂ້ວ.\n– ປະເພດ 1 : ຜ່ອນ 1,500 ບາດ x 26 ຄັ້ງ (ທັງໝົດ 39,000.-)\n– ປະເພດ 2: ຈ່າຍຜ່ອນ 3,000 ບາດ x 4 ຄັ້ງ, ຜ່ອນ 1,000 ບາດ x 24 ຄັ້ງ (ທັງໝົດ 36,000.-)\n\nດ້ວຍການສະກັດແຂ້ວ\n– ປະເພດ 1: ຈ່າຍ 1,500 ບາດ x 26 ຄັ້ງ, ຈ່າຍ 1,000 ບາດ', 'f145783f-ac8d-4f31-8aa6-764d52e65ac0.png', '2022-05-23', '2022-06-08', 30, 'yes', '2022-05-23 20:59:57', '2022-06-08 11:45:14'),
(2, 'lj', 'rtgrtg', NULL, '2022-05-24', '2022-05-26', 2, 'yes', '2022-05-24 21:37:13', '2022-05-24 21:37:23'),
(3, 'e98tuert', 'oiryjeoryelrntel', '9f89f4f0-9cbc-46b1-b873-5980be95195b.png', '2022-06-04', '2022-06-23', 30, 'yes', '2022-06-04 16:07:02', '2022-06-08 12:30:52'),
(4, 'e y', 'ok\n', '9951d028-f5f3-46eb-ae05-96d2aac6f07d.png', '2022-06-06', '2022-06-11', 30, 'yes', '2022-06-06 17:50:28', '2022-06-06 17:50:47'),
(5, 'ສາ', 'ສປສປ', '15ea3fed-80c4-443f-a25e-de7fd84a5eba.png', '2022-06-08', '2022-06-08', 40, 'yes', '2022-06-08 12:31:18', '2022-06-08 13:39:20'),
(6, 'ດັດຟັນ', 'ຫຼຸດອີກ', '60a2c4f7-bd56-4330-a3f8-52c8930677d5.png', '2022-06-09', '2022-06-16', 25, 'yes', '2022-06-09 15:21:57', '2022-06-13 11:41:31'),
(7, 'ອຸດແຂ້ວ', 'ເຄ', 'a77e709b-2a01-4fdb-aa3d-11bb3acf6c70.png', '2022-06-09', '2022-06-20', 15, 'yes', '2022-06-09 15:26:00', '2022-06-13 11:41:33'),
(8, ' ຫຼຸດ 20% ບໍລິການຟອກແຂ້ວຂາວ', '---- ໂປຣໂມຊັນຕ້ອນຮັບ ວັນທີ່ 8/8 ນີ້-----\nຂາວທັນທີ,ສີສັນທໍາມະຊາດ\n ໃຊ້ເວລາພຽງແຕ່ 45ນາທີ\n ບໍ່ເຈັບບໍ່ປວດ,ປອດໄພຕໍ່ສຸຂະພາບ\n ສີກຸ້ມເຖິງ 2-3ປີ\n ປະຢັດຄ່າໃຊ້ຈ່າຍໄປເຮັດແຂ້ວທຽມ\n-------------------\n☎️ເບີໂທ: 0205678902\nສະຖານທີ່(ສາຂາດຽວ): ຖະໜົນໂພນສີນວນ, ບ້ານໂພນສີນວນ, ເມືອສີສັດຕະນາກ, ນະຄອນຫຼວງວຽງຈັນ', '6b20803f-0b50-45d0-9379-1653e960dc7b.png', '2022-08-08', '2022-08-08', 20, 'no', '2022-06-13 11:43:25', '2022-06-13 11:54:24'),
(9, 'ທາງຄຣີນິກ SSP DENTAL CARE ມີສ່ວນຫຼຸດສຳລັບລາຍການດັ່ງນີ້10%', 'ສະບາຍດີທຸກທ່ານ ໂປໂມຊັ່ນດີດີມາຮອດແລ້ວ!!! ທາງຄຣີນິກ SSP DENTAL CARE ມີສ່ວນຫຼຸດສຳລັບລາຍການດັ່ງນີ້10% ເລີ່ມແຕ່ວັນທີ່ 5/6 – 15/6\n✔ ຟອກແຂ້ວຂາວ\n✔ ອັດແຂ້ວ\n✔ ແຂ້ວປອມ\n✔ ແຂ້ວທຽມ\n✔ ປິ່ນປົວຮູຮາກແຂ້ວ\nຈອງຄິວນັດໝາຍໄວ້ເລີຍເລີມແຕ່ຕອນນີ້ເພື່ອຮັບໄດ້ເລີຍໂປໂມຊັ່ນ ຫຼຸດ 10% ເດີ້', '66754f32-6da3-4263-bf26-f34b1f31304a.png', '2022-06-13', '2022-07-30', 10, 'no', '2022-06-13 11:46:48', '2022-07-22 11:09:41'),
(10, 'ຫລຸດ 10% ມາດັດແບບແພັກຄູ່', 'ໂປຣໂມຊັ່ນ ສຳລັບຄົນທີ່ຢາກດັດແຂ້ວ\nໃນຊ່ວງເສດຖະກິດບໍ່ດີ\nຫລຸດ 10% ມາດັດແບບແພັກຄູ່? (7/7-8/8)\nດັດ2ຄົນຈ່າຍພຽງ 4,000,000 ກີບ\nຟຣີຂູດຫີນປູນຕະຫຼອດຈົນຈົບເຄດສ\n ຟຣີຕິດເຄື່ອງມືດັດແຂ້ວ(ບໍ່ວ່າຈະດອກຫຼຸດ ຫຼື ດອກເສຍ)\n ຟຣີລີເທນເນີ້ ແບບໃສ\n-------------------\n☎️ເບີໂທ: 0205678902\n ?ສະຖານທີ່(ສາຂາດຽວ): ຖະໜົນໂພນສີນວນ, ບ້ານໂພນສີນວນ, ເມືອງສີສັດຕະນາກ, ນະຄອນຫຼວງວຽງຈັນ\n', 'f9f871af-b8d9-4561-8805-8f04a6e5755a.png', '2022-07-07', '2022-08-08', 10, 'no', '2022-06-13 11:56:06', '2022-06-13 11:56:06'),
(11, 'ສຳລັບ10ຄົນແລກເຮັດແຂ້ວຂາວ ແບບເສີມວີເນຍ ຮັບສ່ວນຫລຸດ ', 'ໂປຣໂມຊັ່ນດີໆໃນຊ່ວງນີ້ 13/6 – 10/7 ສຳລັບ10ຄົນແລກ\nເຮັດແຂ້ວຂາວ ແບບເສີມວີເນຍ \nຮັບສ່ວນຫລຸດ 20%\n+ຟີຂູດຫີນປູນ\n-------------------\n☎️ເບີໂທ: 0205678902\n?ສະຖານທີ່(ສາຂາດຽວ): ຖະໜົນໂພນສີນວນ, ບ້ານໂພນສີນວນ, ເມືອງສີສັດຕະນາກ, ນະຄອນຫຼວງວຽງຈັນ', '9f51c020-5a66-4a78-9b8a-6c454dfb79a1.png', '2022-06-13', '2022-07-31', 20, 'no', '2022-06-13 11:59:47', '2022-07-22 11:09:49'),
(12, 'ດັດແຂ້ວຖາວອນ3,000,000ກີບສຳລັບວັນແມ່', 'ໂປຣໂມຊັ່ນ ດັດແຂ້ວຖາວອນ3,000,000ກີບສຳລັບວັນແມ່\n\nສະເພາະທີ 12/8 ມື້ດຽວ( ສະເພາະບັນດາແມ່ໆເທົ່ານັ້ນ)\n\n\nດັດແຂ້ວຖາວອນ / ຈ່າຍກ່ອນພຽງ 1,500,000 ກີບ ເທົ່ານັ້ນ\n\nແບ່ງຈ່າຍ 300,000ກີບ/ເດືອນ ກໍມີແຂ້ວສວຍງາມໄດ້ແລ້ວ?\n\n\nສິ່ງທີ່ທ່ານຈະໄດ້ຮັບພາຍໃນໄລຍະເວລາດັດ:\n\n ກໍລະນີມີແຂ້ວ20 ຫຼື ແຂ້ວດັດທາງຄລິນິກແມ່ນຖອນໃຫ້ຟຣີໂດຍບໍ່ເສຍເພີ່ມ\n\n ຟຣີຂູດຫີນປູນຕະຫຼອດຈົນຈົບເຄດສ\n\n ຟຣີຕິດເຄື່ອງມືດັດແຂ້ວ(ບໍ່ວ່າຈະດອກຫຼຸດ ຫຼື ດອກເສຍ)\n\n ຟຣີລີເທນເນີ້ ແບບໃສ\n\n ຟຣີປົວແຂ້ວແມງ\n\n-------------------\n\n☎️ເບີໂທ: 0205678902\n\n?ສະຖານທີ່(ສາຂາດຽວ): ຖະໜົນໂພນສີນວນ, ບ້ານໂພນສີນວນ, ເມືອງສີສັດຕະນາກ, ນະຄອນຫຼວງວຽງຈັນ', '7d435690-cdba-424f-987f-03917d47f701.png', '2022-08-12', '2022-08-12', 10, 'no', '2022-06-13 12:01:20', '2022-06-13 12:01:20'),
(13, 'ດັດແຂ້ວຖາວອນ3,000,000ກີບສຳລັບວັນແມ່', 'ໂປຣໂມຊັ່ນ ດັດແຂ້ວຖາວອນ3,000,000ກີບສຳລັບວັນແມ່\n\nສະເພາະທີ 12/8 ມື້ດຽວ( ສະເພາະບັນດາແມ່ໆເທົ່ານັ້ນ)\n\n\nດັດແຂ້ວຖາວອນ / ຈ່າຍກ່ອນພຽງ 1,500,000 ກີບ ເທົ່ານັ້ນ\n\nແບ່ງຈ່າຍ 300,000ກີບ/ເດືອນ ກໍມີແຂ້ວສວຍງາມໄດ້ແລ້ວ?\n\n\nສິ່ງທີ່ທ່ານຈະໄດ້ຮັບພາຍໃນໄລຍະເວລາດັດ:\n\n ກໍລະນີມີແຂ້ວ20 ຫຼື ແຂ້ວດັດທາງຄລິນິກແມ່ນຖອນໃຫ້ຟຣີໂດຍບໍ່ເສຍເພີ່ມ\n\n ຟຣີຂູດຫີນປູນຕະຫຼອດຈົນຈົບເຄດສ\n\n ຟຣີຕິດເຄື່ອງມືດັດແຂ້ວ(ບໍ່ວ່າຈະດອກຫຼຸດ ຫຼື ດອກເສຍ)\n\n ຟຣີລີເທນເນີ້ ແບບໃສ\n\n ຟຣີປົວແຂ້ວແມງ\n\n-------------------\n\n☎️ເບີໂທ: 0205678902\n\n?ສະຖານທີ່(ສາຂາດຽວ): ຖະໜົນໂພນສີນວນ, ບ້ານໂພນສີນວນ, ເມືອງສີສັດຕະນາກ, ນະຄອນຫຼວງວຽງຈັນ', 'f9fcd01f-602c-4a1f-9d8f-67136cc1ddab.png', '2022-08-12', '2022-08-12', 10, 'yes', '2022-06-13 12:01:57', '2022-06-13 12:02:23'),
(14, ' SSP DENTAL CARE ກັບ 4 ໂປຣໂມຊັ່ນ', '1. ກວດແຂ້ວຟຣີ\n2. ຂູດຫີນປູນ ຫລຸດ 20%\n3. ຟອກແຂ້ວຂາວບໍ່ຈຳກັດຄັ້ງ\n4. ບໍລິການອື່ນໆຫລຸດ 10%\nເລີ່ມແຕ່ວັນທີ 25/6/2022 -  30/6/2022\n-------------------\n☎️ເບີໂທ: 0205678902\n?ສະຖານທີ່(ສາຂາດຽວ): ຖະໜົນໂພນສີນວນ, ບ້ານໂພນສີນວນ, ເມືອງສີສັດຕະນາກ, ນະຄອນຫຼວງວຽງຈັນ\n', 'd9a07789-0062-4fce-9c57-b687da7c38cf.png', '2022-06-25', '2022-07-31', 20, 'no', '2022-06-13 12:04:06', '2022-07-22 11:09:57'),
(15, 'kk', 'ok', NULL, '2022-07-22', '2022-07-24', 10, 'yes', '2022-07-22 11:10:16', '2022-07-22 11:10:21');

-- --------------------------------------------------------

--
-- Table structure for table `provinces`
--

CREATE TABLE `provinces` (
  `id` int(11) NOT NULL,
  `name` varchar(45) COLLATE utf8_unicode_ci NOT NULL,
  `section` enum('center','north','south') COLLATE utf8_unicode_ci NOT NULL,
  `isDelete` enum('no','yes') COLLATE utf8_unicode_ci NOT NULL,
  `createdAt` datetime NOT NULL DEFAULT current_timestamp(),
  `updatedAt` datetime NOT NULL DEFAULT current_timestamp()
) ENGINE=InnoDB DEFAULT CHARSET=utf8 COLLATE=utf8_unicode_ci;

--
-- Dumping data for table `provinces`
--

INSERT INTO `provinces` (`id`, `name`, `section`, `isDelete`, `createdAt`, `updatedAt`) VALUES
(1, 'ນະຄອນຫຼວງວຽງຈັນ', 'center', 'no', '2022-05-21 15:41:56', '2022-05-21 15:41:56'),
(2, 'ຜົ້ງສາລີ', 'north', 'no', '2022-05-21 15:41:56', '2022-05-21 15:41:56'),
(3, 'ຫຼວງນ້ຳທາ', 'north', 'no', '2022-05-21 15:41:56', '2022-05-21 15:41:56'),
(4, 'ອຸດົມໄຊ', 'north', 'no', '2022-05-21 15:41:56', '2022-05-21 15:41:56'),
(5, 'ບໍ່ແກ້ວ', 'north', 'no', '2022-05-21 15:41:56', '2022-05-21 15:41:56'),
(6, 'ຫຼວງພະບາງ', 'north', 'no', '2022-05-21 15:41:56', '2022-05-21 15:41:56'),
(7, 'ຫົວພັນ', 'north', 'no', '2022-05-21 15:41:56', '2022-05-21 15:41:56'),
(8, 'ໄຊຍະບູລີ', 'north', 'no', '2022-05-21 15:41:56', '2022-05-21 15:41:56'),
(9, 'ຊຽງຂວາງ', 'north', 'no', '2022-05-21 15:41:56', '2022-05-21 15:41:56'),
(10, 'ວຽງຈັນ', 'center', 'no', '2022-05-21 15:41:56', '2022-05-21 15:41:56'),
(11, 'ບໍລິຄຳໄຊ', 'center', 'no', '2022-05-21 15:41:56', '2022-05-21 15:41:56'),
(12, 'ຄຳມ່ວນ', 'center', 'no', '2022-05-21 15:41:56', '2022-05-21 15:41:56'),
(13, 'ສະຫວັນນະເຂດ', 'center', 'no', '2022-05-21 15:41:56', '2022-05-21 15:41:56'),
(14, 'ສາລະວັນ', 'south', 'no', '2022-05-21 15:41:56', '2022-05-21 15:41:56'),
(15, 'ເຊກອງ', 'south', 'no', '2022-05-21 15:41:56', '2022-05-21 15:41:56'),
(16, 'ຈຳປາສັກ', 'south', 'no', '2022-05-21 15:41:56', '2022-05-21 15:41:56'),
(17, 'ອັດຕະປື', 'south', 'no', '2022-05-21 15:41:56', '2022-05-21 15:41:56'),
(18, 'ໄຊສົມບູນ', 'center', 'no', '2022-05-21 15:41:56', '2022-05-21 15:41:56'),
(19, 'ອັດຕະປື', 'south', 'yes', '2022-07-21 18:11:04', '2022-07-21 18:12:08');

-- --------------------------------------------------------

--
-- Table structure for table `reserves`
--

CREATE TABLE `reserves` (
  `id` int(11) NOT NULL,
  `userId` char(36) CHARACTER SET utf8 COLLATE utf8_bin NOT NULL,
  `toothId` int(11) NOT NULL,
  `startDate` date NOT NULL,
  `endDate` date DEFAULT NULL,
  `promotionId` int(11) DEFAULT NULL,
  `price` double DEFAULT NULL,
  `isStatus` enum('pending','complete','cancel') COLLATE utf8_unicode_ci NOT NULL DEFAULT 'pending',
  `createdAt` datetime NOT NULL DEFAULT current_timestamp(),
  `updatedAt` datetime NOT NULL DEFAULT current_timestamp(),
  `discountPrice` double DEFAULT NULL,
  `description` text COLLATE utf8_unicode_ci DEFAULT NULL
) ENGINE=InnoDB DEFAULT CHARSET=utf8 COLLATE=utf8_unicode_ci;

--
-- Dumping data for table `reserves`
--

INSERT INTO `reserves` (`id`, `userId`, `toothId`, `startDate`, `endDate`, `promotionId`, `price`, `isStatus`, `createdAt`, `updatedAt`, `discountPrice`, `description`) VALUES
(52, '765fb817-71b2-41d5-a255-5402348ad81a', 4, '2022-07-22', NULL, NULL, 250000, 'cancel', '2022-07-22 12:11:02', '2022-07-22 16:44:34', 0, 'kha vk'),
(53, '8bd83bcf-d4a3-46fe-b5d6-22bbd9816ece', 11, '2022-07-22', NULL, NULL, 600000, 'pending', '2022-07-22 12:12:29', '2022-07-22 12:12:29', 0, NULL),
(54, '232cfdb4-df20-4c3e-b8ed-67e5e132d3eb', 8, '2022-07-22', NULL, NULL, 300000, 'pending', '2022-07-22 12:13:51', '2022-07-22 12:13:51', 0, NULL),
(55, '2d38e2be-1089-4ace-adcd-c6961ca8b6c5', 21, '2022-07-22', '2022-07-22', 10, 5000000, 'complete', '2022-07-22 12:19:56', '2022-07-22 17:03:29', 500000, NULL),
(56, '368539f8-22d8-49c2-aff2-aa63b8c9b071', 27, '2022-07-22', NULL, 8, 5000000, 'pending', '2022-07-22 12:21:11', '2022-07-22 12:21:11', 1000000, NULL),
(57, '96890127-2050-43a7-9ba6-9083d5de4323', 28, '2022-07-22', NULL, NULL, 50000, 'pending', '2022-07-22 12:23:00', '2022-07-22 17:07:15', 50000, NULL),
(58, 'f0ed0ed0-7b3f-4a34-9f7c-b7c8d370fb15', 4, '2022-07-22', '2022-07-22', 8, 250000, 'complete', '2022-07-22 16:40:55', '2022-07-22 16:42:28', 50000, NULL),
(59, 'f0ed0ed0-7b3f-4a34-9f7c-b7c8d370fb15', 4, '2022-07-22', NULL, NULL, 250000, 'cancel', '2022-07-22 16:45:23', '2022-07-22 16:45:36', 0, 'kha vk'),
(60, 'f0ed0ed0-7b3f-4a34-9f7c-b7c8d370fb15', 4, '2022-07-22', NULL, 8, 250000, 'cancel', '2022-07-22 16:49:39', '2022-07-22 17:01:59', 50000, 'kha'),
(61, 'f0ed0ed0-7b3f-4a34-9f7c-b7c8d370fb15', 7, '2022-07-22', '2022-07-22', 11, 150000, 'complete', '2022-07-22 17:02:21', '2022-07-22 17:02:45', 30000, NULL);

-- --------------------------------------------------------

--
-- Table structure for table `reserve_details`
--

CREATE TABLE `reserve_details` (
  `id` int(11) NOT NULL,
  `reserveId` int(11) NOT NULL,
  `date` datetime NOT NULL,
  `detail` varchar(255) COLLATE utf8_unicode_ci NOT NULL,
  `isStatus` enum('pending','complete','cancel') COLLATE utf8_unicode_ci NOT NULL DEFAULT 'pending',
  `createdAt` datetime NOT NULL DEFAULT current_timestamp(),
  `updatedAt` datetime NOT NULL DEFAULT current_timestamp(),
  `price` double DEFAULT NULL
) ENGINE=InnoDB DEFAULT CHARSET=utf8 COLLATE=utf8_unicode_ci;

--
-- Dumping data for table `reserve_details`
--

INSERT INTO `reserve_details` (`id`, `reserveId`, `date`, `detail`, `isStatus`, `createdAt`, `updatedAt`, `price`) VALUES
(65, 52, '2022-07-22 16:00:00', 'ອັດແຂ້ວທາງໜ້າ', 'cancel', '2022-07-22 12:11:02', '2022-07-22 16:44:34', 250000),
(66, 53, '2022-07-22 16:40:00', 'ເຈັບແຂ້ວຊາວ ', 'pending', '2022-07-22 12:12:29', '2022-07-22 12:12:29', 600000),
(67, 54, '2022-07-22 17:30:00', 'ຂູດຫີນປູນ', 'pending', '2022-07-22 12:13:51', '2022-07-22 12:13:51', 300000),
(68, 55, '2022-07-22 18:10:00', 'ດັດແຂ້ວ 2 ຄົນ', 'complete', '2022-07-22 12:19:56', '2022-07-22 17:03:51', 5000000),
(69, 56, '2022-07-24 08:30:00', 'ຟອກແຂ້ວຂາວ', 'pending', '2022-07-22 12:21:11', '2022-07-22 12:21:11', 5000000),
(70, 57, '2022-07-28 10:00:00', 'ໃສ່ແຂ້ວ 1 ເຫຼັ້ມ', 'complete', '2022-07-22 12:23:00', '2022-07-22 17:07:14', 200000),
(71, 58, '2022-07-22 19:00:00', '123456', 'complete', '2022-07-22 16:40:55', '2022-07-22 16:42:57', 250000),
(72, 58, '0000-00-00 00:00:00', 'ghth', 'pending', '2022-07-22 16:42:57', '2022-07-22 16:42:57', 5000),
(73, 59, '2022-07-22 19:45:00', 'tjyjy', 'cancel', '2022-07-22 16:45:23', '2022-07-22 16:45:36', 250000),
(74, 60, '2022-07-22 19:49:00', 'khr pop m pavina', 'cancel', '2022-07-22 16:49:39', '2022-07-22 17:01:59', 250000),
(75, 61, '2022-07-22 19:02:00', 'fggr', 'pending', '2022-07-22 17:02:21', '2022-07-22 17:02:21', 150000),
(76, 55, '0000-00-00 00:00:00', 'hoihoi', 'pending', '2022-07-22 17:03:52', '2022-07-22 17:03:52', 50000),
(77, 57, '0000-00-00 00:00:00', 'yjyjtyjty hi', 'pending', '2022-07-22 17:07:15', '2022-07-22 17:07:15', 50000);

-- --------------------------------------------------------

--
-- Table structure for table `roles`
--

CREATE TABLE `roles` (
  `id` int(11) NOT NULL,
  `name` varchar(255) COLLATE utf8_unicode_ci NOT NULL,
  `displayName` varchar(255) COLLATE utf8_unicode_ci NOT NULL,
  `createdAt` datetime NOT NULL DEFAULT current_timestamp(),
  `updatedAt` datetime NOT NULL DEFAULT current_timestamp()
) ENGINE=InnoDB DEFAULT CHARSET=utf8 COLLATE=utf8_unicode_ci;

--
-- Dumping data for table `roles`
--

INSERT INTO `roles` (`id`, `name`, `displayName`, `createdAt`, `updatedAt`) VALUES
(1, 'superadmin', 'ເຈົ້າຂອງຮ້ານ', '2022-05-21 15:41:56', '2022-05-21 15:41:56'),
(2, 'employee', 'ພະນັກງານ', '2022-05-21 15:41:56', '2022-05-21 15:41:56'),
(3, 'customer', 'ລູກຄ້າ', '2022-05-21 15:41:56', '2022-05-21 15:41:56');

-- --------------------------------------------------------

--
-- Table structure for table `sequelizemeta`
--

CREATE TABLE `sequelizemeta` (
  `name` varchar(255) COLLATE utf8_unicode_ci NOT NULL
) ENGINE=InnoDB DEFAULT CHARSET=utf8 COLLATE=utf8_unicode_ci;

--
-- Dumping data for table `sequelizemeta`
--

INSERT INTO `sequelizemeta` (`name`) VALUES
('20210601101659-create-users.js'),
('20210803143118-create-provinces.js'),
('20210803144200-create-districts.js'),
('20210803145347-create-profiles.js'),
('20210807075028-create-roles.js'),
('20210807080004-create-user-roles.js'),
('20220430065428-create-toothes.js'),
('20220430065616-create-promotions.js'),
('20220430070301-create-posts.js'),
('20220430072721-create-reserves.js'),
('20220430072849-create-reserve-details.js'),
('20220430091447-modify_role.js'),
('20220531141305-modify_reserve.js'),
('20220622134312-modify_reserve_add_desc.js');

-- --------------------------------------------------------

--
-- Table structure for table `toothes`
--

CREATE TABLE `toothes` (
  `id` int(11) NOT NULL,
  `name` varchar(100) COLLATE utf8_unicode_ci NOT NULL,
  `image` varchar(100) COLLATE utf8_unicode_ci DEFAULT NULL,
  `startPrice` double NOT NULL,
  `isDelete` enum('no','yes') COLLATE utf8_unicode_ci NOT NULL DEFAULT 'no',
  `createdAt` datetime NOT NULL DEFAULT current_timestamp(),
  `updatedAt` datetime NOT NULL DEFAULT current_timestamp()
) ENGINE=InnoDB DEFAULT CHARSET=utf8 COLLATE=utf8_unicode_ci;

--
-- Dumping data for table `toothes`
--

INSERT INTO `toothes` (`id`, `name`, `image`, `startPrice`, `isDelete`, `createdAt`, `updatedAt`) VALUES
(2, 'ເຄືອບແຂ້ວ', '39a3c995-ac81-4be9-804e-b6d55ea2a28b.png', 3000000, 'yes', '2022-05-24 12:51:12', '2022-06-08 12:22:02'),
(3, 'ອຸດສີຄືແຂ້ວ (Composite Filling )', '2bb5e20c-1c5b-4323-8afb-f6fd76f3ef00.png', 250000, 'yes', '2022-06-08 12:58:20', '2022-06-08 12:59:35'),
(4, 'ອຸດແຂ້ວ', '4cad3086-2b22-42e0-9a82-87ef17b91b91.png', 250000, 'no', '2022-06-08 12:59:53', '2022-07-17 15:04:56'),
(5, 'ອູດແຂ້ວສິເງິນ ', 'fe4a7942-e785-476d-881c-2bbc076b12b3.png', 280000, 'no', '2022-06-08 13:01:32', '2022-06-08 13:01:32'),
(6, ' ອຸດແຂ້ວປິດຊ່ອງວ່າງ', '0b1fb998-9f0a-45ef-9320-b704d0fc5c2c.png', 600000, 'no', '2022-06-08 13:02:41', '2022-06-08 13:41:02'),
(7, 'ຂູດຫິນປູນທົ່ວໄປ', '9e47e9dd-89bc-426a-b320-411a5a20f35a.png', 150000, 'no', '2022-06-08 13:04:00', '2022-06-08 13:04:00'),
(8, 'ຂູດຫິນປູນໜັກ', '515c7845-c7fb-49bb-a93b-c7ce39cc79da.png', 300000, 'no', '2022-06-08 13:04:37', '2022-06-08 13:36:30'),
(9, 'ເກົາຮາກແຂ້ວ', 'c9e61d9b-4d9a-4551-a8fe-a4695377e934.png', 500000, 'no', '2022-06-08 13:05:07', '2022-06-08 13:05:07'),
(10, 'ຖອນແຂ້ວປົກກະຕິ', 'c4f88018-13b1-434a-b593-33fd62798e30.png', 280000, 'no', '2022-06-08 13:05:40', '2022-06-08 13:05:40'),
(11, 'ຖອນ-ແຂ້ວຊາວ', '952e5d10-906f-48b9-9eb5-7f49b4130462.png', 600000, 'no', '2022-06-08 13:06:20', '2022-06-08 13:06:20'),
(12, 'ຮັກສາຮາກແຂ້ວໜ້າ', '0af871ae-f88a-4bcf-902c-40c0114363ed.png', 1000000, 'no', '2022-06-08 13:08:28', '2022-06-08 13:08:28'),
(13, 'ຮັກສາຮາກແຂ້ວກົກ', '92367e20-5929-43c6-a2e7-f872d7e36bcd.png', 1600000, 'no', '2022-06-08 13:08:58', '2022-06-08 13:36:12'),
(14, 'ຫຼົກແຂ້ວນຳນົມ(ເດັກ)', '902b6a0a-d3bd-46d6-9dc3-dd5e92995e19.png', 150000, 'no', '2022-06-08 13:09:32', '2022-06-08 13:33:03'),
(15, 'ເຄືອບແຂ້ວ(ເດັກ)', '8d708e08-6ef8-4b4d-914c-f454e410c158.png', 180000, 'no', '2022-06-08 13:10:09', '2022-06-08 13:10:09'),
(16, 'ຮັກສາຮາກແຂ້ນ້ຳນົມ', 'bcc1405a-dd37-4b8c-8ed1-11961bb0c72d.png', 600000, 'no', '2022-06-08 13:10:50', '2022-06-08 13:33:16'),
(17, 'ແຂ້ວປອມຖອດໄດ້(ເຫຼັ້ມ)', '1c2f5b2c-4d24-43d2-b679-be9e13aacf57.png', 150000, 'no', '2022-06-08 13:11:26', '2022-06-08 13:11:26'),
(18, 'ແຂ້ວປອມເຄິ່ງປາກ', 'f058d293-a585-4ec5-9bb9-a6560dd5d873.png', 1000000, 'no', '2022-06-08 13:13:42', '2022-06-08 13:13:42'),
(19, 'ຝັງແຂ້ວປອມ', '3b18fba6-351a-49f7-b643-fa389140c2a3.png', 1500000, 'no', '2022-06-08 13:15:45', '2022-06-08 13:15:45'),
(20, 'ຖ່າຍພາບລັງສີ', '4be4de13-8387-4e96-b59e-433d9eb770b6.png', 500000, 'no', '2022-06-08 13:16:16', '2022-06-08 13:16:16'),
(21, 'ດັດແຂ້ວຕິດແໜ້ນ', 'f3a43daa-4d6d-49a0-b1cb-3a528c0445cd.png', 5000000, 'no', '2022-06-08 13:16:49', '2022-06-08 13:16:49'),
(22, 'ດັດແຂ້ວແບບຖອດໄດ້', '1868141e-c6c2-4d15-a19d-5e6f60bee36b.png', 7000000, 'no', '2022-06-08 13:19:55', '2022-06-08 13:19:55'),
(23, 'ດັດແຂ້ວແບບໃສ', '133a3828-fb02-423c-9188-75f21ddf7ceb.png', 12000000, 'no', '2022-06-08 13:20:21', '2022-06-08 13:20:21'),
(24, 'Mini Screw Implant', '552822cf-bab8-49c7-8a6c-cc40df3ad7f3.png', 800000, 'no', '2022-06-08 13:24:58', '2022-06-08 13:24:58'),
(25, 'Bracket', '3ee743a1-3c68-44a9-9550-f62eeabe1ee7.png', 80000, 'no', '2022-06-08 13:25:16', '2022-06-08 13:27:36'),
(26, 'Liguah arch', '916752a3-5574-455d-b1ae-53290dcd0a7a.png', 400000, 'no', '2022-06-08 13:30:18', '2022-06-08 13:30:18'),
(27, 'ຟອກສີແຂ້ວ', '807b1131-6c2e-4a7f-8637-7604652ce644.png', 5000000, 'no', '2022-06-08 13:42:55', '2022-06-08 13:42:55'),
(28, 'ຄອບແຂ້ວເຊຣາມິກ(ເຫຼັ້ມ)', 'c937359f-3dc2-4ec5-93da-deea2cf291fb.png', 200000, 'no', '2022-06-08 13:46:53', '2022-06-08 13:46:53'),
(29, 'ຄອບແຂ້ວveneer (ເຫຼັ້ມ)', '3d99dd61-991a-4ebd-b535-344ff8df78d1.png', 3000000, 'no', '2022-06-08 13:47:49', '2022-06-08 13:47:49'),
(30, 'ok', '6afbc775-48a1-44e8-89fa-85b5798f1f5e.png', 1000, 'yes', '2022-07-22 11:09:07', '2022-07-22 11:09:15');

-- --------------------------------------------------------

--
-- Table structure for table `users`
--

CREATE TABLE `users` (
  `id` char(36) CHARACTER SET utf8 COLLATE utf8_bin NOT NULL,
  `phone` varchar(100) COLLATE utf8_unicode_ci NOT NULL,
  `password` varchar(128) COLLATE utf8_unicode_ci NOT NULL,
  `isDelete` enum('no','yes') COLLATE utf8_unicode_ci NOT NULL DEFAULT 'no',
  `createdAt` datetime NOT NULL DEFAULT current_timestamp(),
  `updatedAt` datetime NOT NULL DEFAULT current_timestamp()
) ENGINE=InnoDB DEFAULT CHARSET=utf8 COLLATE=utf8_unicode_ci;

--
-- Dumping data for table `users`
--

INSERT INTO `users` (`id`, `phone`, `password`, `isDelete`, `createdAt`, `updatedAt`) VALUES
('026a9970-bb7e-49e5-ba96-3cf11ea3824b', '99008877', '$2b$10$2MbW9VpMc1DZ73xz3qW9guTQ9iP8VIom/hPmjRVK0QbrmHlMc.V32', 'no', '2022-07-22 10:54:14', '2022-07-22 10:54:14'),
('1308c15e-a71f-41e1-baf7-910c238a332c', '55557889', '$2b$10$2Uq3lGP7aplsIqeBVnogCOh8EBDVT9M4mjxYZElesudTra/HB8nwS', 'no', '2022-07-21 18:10:48', '2022-07-21 18:10:48'),
('232cfdb4-df20-4c3e-b8ed-67e5e132d3eb', '99334414', '$2b$10$Bp8lJFYPNFBiWMylmANZNOjLdAI57nFT7JQsoeZFjA6UUiboebrM.', 'no', '2022-06-07 14:21:40', '2022-06-07 14:21:40'),
('2d38e2be-1089-4ace-adcd-c6961ca8b6c5', '52381575', '$2b$10$tZfyOQG22ifOqG9BcO5V5.styFKDrXT8gjnOVPg.A17kbDnlWf.ym', 'no', '2022-06-07 14:17:27', '2022-06-07 14:17:27'),
('368539f8-22d8-49c2-aff2-aa63b8c9b071', '93322107', '$2b$10$yEr5qvPGoG9EvoldB7drEOG2.XtLFn1QzRc7AEv5qHrnptK9Q4ZnC', 'no', '2022-06-07 14:23:46', '2022-06-07 14:23:46'),
('4020dce4-9b8e-4685-af14-4beb4b1d51d1', '99998888', '$2b$10$TRB6IDBLA01vFimtkygqKOLpyWmylkDHx9Vq1EL7nPFVInqJXvCaW', 'yes', '2022-06-06 17:53:12', '2022-07-21 18:03:22'),
('4584f518-b840-4386-a3a1-3c0d729987a8', '99887766', '$2b$10$xdRpO4P083zQ1ND8FADLmucCqNv/RyP1pYLCxP42Wa1wACzfjBXC6', 'no', '2022-06-24 11:43:59', '2022-06-24 11:43:59'),
('765fb817-71b2-41d5-a255-5402348ad81a', '56626362', '$2b$10$3jyX3GDgf/fZG5LIdD5flOa8ICpXHChb13WxKtFnqRYD1ZnZqsm1y', 'no', '2022-06-07 13:56:05', '2022-06-07 13:56:05'),
('895bf64b-6f0b-42fc-be3d-16c3aa619ac7', '99331738', '$2b$10$.1eKaiTMJLeGOrN5WyqSYOeXpH4ChQd7Wd7aD2I/TnmKq26OKJMrS', 'no', '2022-07-21 18:05:35', '2022-07-21 18:05:35'),
('8b1cc2e2-8de8-4ea4-b63e-5c19d6d9e268', '56789678', '$2b$10$PahIszfvviXo2sbDCGzJOOE9sD1fYQXBu9Get2T51e8b9rIkq5yy2', 'no', '2022-07-21 18:07:17', '2022-07-21 18:07:17'),
('8bd83bcf-d4a3-46fe-b5d6-22bbd9816ece', '59571155', '$2b$10$YJpoc6oU0qOTyW3Mv9NVt.SzEhEDTTj9DJKIHkoTgf1.2.Hes8/D6', 'no', '2022-06-07 14:11:02', '2022-06-07 14:11:02'),
('96890127-2050-43a7-9ba6-9083d5de4323', '97710771', '$2b$10$PhYYhdcmSaSgLZssjdUiYe7az0HXXTbkuR.D64mtp6cwoMq92rlae', 'no', '2022-06-07 14:40:16', '2022-06-07 14:40:16'),
('9e3e8d1b-ae78-4c1d-83af-7eae107a2095', '56332009 ', '$2b$10$1ilrTB1YrNL3CVq4yoXzJOfInxj8lqjDDZWHp/bfJ6QFk6BN45elW', 'no', '2022-07-22 12:49:16', '2022-07-22 12:49:16'),
('a4577840-022d-42f2-9eaf-30741d8d6070', '91924183', '$2b$10$6Yngr7IhZDASen33Svdlzu9UN31WWD3eR4xIBXQ4jfqUmwTnXlIf.', 'no', '2022-06-07 14:19:59', '2022-06-07 14:19:59'),
('d5a230a1-8d9c-4040-8c9a-d2f1a5ed5a75', '99998877', '$2b$10$Fu.r5vy0Qb2iMg.tV3yFs.yvcwidKdfIZZdIE4UE1j.YB8QKkfSjG', 'no', '2022-07-21 18:14:30', '2022-07-21 18:14:30'),
('dbc4b319-8ab2-426e-9ebd-941250a840e4', '55667788', '$2b$10$4puFXr7.mSa6u4yZsynOJOH9yO.Biy4/0LoA.WfDQORa8bP0Frram', 'no', '2022-07-21 18:18:15', '2022-07-21 18:18:15'),
('f0ed0ed0-7b3f-4a34-9f7c-b7c8d370fb15', '92164405', '$2b$10$Bln.f6XGzAX.xzgurDsSOuwTWSsW0WPLkWYF6foW.q7DprWAwi//C', 'no', '2022-05-23 20:36:19', '2022-06-11 16:00:42');

-- --------------------------------------------------------

--
-- Table structure for table `user_roles`
--

CREATE TABLE `user_roles` (
  `id` int(11) NOT NULL,
  `userId` char(36) CHARACTER SET utf8 COLLATE utf8_bin NOT NULL,
  `roleId` int(11) NOT NULL,
  `createdAt` datetime NOT NULL DEFAULT current_timestamp(),
  `updatedAt` datetime NOT NULL DEFAULT current_timestamp()
) ENGINE=InnoDB DEFAULT CHARSET=utf8 COLLATE=utf8_unicode_ci;

--
-- Dumping data for table `user_roles`
--

INSERT INTO `user_roles` (`id`, `userId`, `roleId`, `createdAt`, `updatedAt`) VALUES
(13, '765fb817-71b2-41d5-a255-5402348ad81a', 3, '2022-06-07 13:58:41', '2022-06-07 13:58:41'),
(15, '8bd83bcf-d4a3-46fe-b5d6-22bbd9816ece', 3, '2022-06-07 14:11:42', '2022-06-07 14:11:42'),
(20, '2d38e2be-1089-4ace-adcd-c6961ca8b6c5', 3, '2022-06-07 14:33:50', '2022-06-07 14:33:50'),
(21, 'a4577840-022d-42f2-9eaf-30741d8d6070', 3, '2022-06-07 14:34:42', '2022-06-07 14:34:42'),
(22, '232cfdb4-df20-4c3e-b8ed-67e5e132d3eb', 3, '2022-06-07 14:35:27', '2022-06-07 14:35:27'),
(23, '368539f8-22d8-49c2-aff2-aa63b8c9b071', 3, '2022-06-07 14:36:17', '2022-06-07 14:36:17'),
(26, '96890127-2050-43a7-9ba6-9083d5de4323', 3, '2022-06-07 14:49:06', '2022-06-07 14:49:06'),
(30, '4020dce4-9b8e-4685-af14-4beb4b1d51d1', 2, '2022-06-20 13:04:00', '2022-06-20 13:04:00'),
(32, 'f0ed0ed0-7b3f-4a34-9f7c-b7c8d370fb15', 3, '2022-07-11 15:07:04', '2022-07-11 15:07:04'),
(34, '895bf64b-6f0b-42fc-be3d-16c3aa619ac7', 2, '2022-07-21 18:05:35', '2022-07-21 18:05:35'),
(36, '8b1cc2e2-8de8-4ea4-b63e-5c19d6d9e268', 2, '2022-07-21 18:07:48', '2022-07-21 18:07:48'),
(38, 'd5a230a1-8d9c-4040-8c9a-d2f1a5ed5a75', 2, '2022-07-21 18:14:30', '2022-07-21 18:14:30'),
(39, '1308c15e-a71f-41e1-baf7-910c238a332c', 2, '2022-07-21 18:16:58', '2022-07-21 18:16:58'),
(40, 'dbc4b319-8ab2-426e-9ebd-941250a840e4', 2, '2022-07-21 18:18:15', '2022-07-21 18:18:15'),
(41, '026a9970-bb7e-49e5-ba96-3cf11ea3824b', 3, '2022-07-22 10:54:14', '2022-07-22 10:54:14'),
(42, '4584f518-b840-4386-a3a1-3c0d729987a8', 3, '2022-07-22 12:25:06', '2022-07-22 12:25:06'),
(43, '9e3e8d1b-ae78-4c1d-83af-7eae107a2095', 1, '2022-07-22 12:49:16', '2022-07-22 12:49:16');

--
-- Indexes for dumped tables
--

--
-- Indexes for table `districts`
--
ALTER TABLE `districts`
  ADD PRIMARY KEY (`id`),
  ADD KEY `provinceId` (`provinceId`);

--
-- Indexes for table `posts`
--
ALTER TABLE `posts`
  ADD PRIMARY KEY (`id`);

--
-- Indexes for table `profiles`
--
ALTER TABLE `profiles`
  ADD PRIMARY KEY (`id`),
  ADD KEY `userId` (`userId`),
  ADD KEY `provinceId` (`provinceId`),
  ADD KEY `districtId` (`districtId`);

--
-- Indexes for table `promotions`
--
ALTER TABLE `promotions`
  ADD PRIMARY KEY (`id`);

--
-- Indexes for table `provinces`
--
ALTER TABLE `provinces`
  ADD PRIMARY KEY (`id`);

--
-- Indexes for table `reserves`
--
ALTER TABLE `reserves`
  ADD PRIMARY KEY (`id`),
  ADD KEY `userId` (`userId`),
  ADD KEY `toothId` (`toothId`),
  ADD KEY `promotionId` (`promotionId`);

--
-- Indexes for table `reserve_details`
--
ALTER TABLE `reserve_details`
  ADD PRIMARY KEY (`id`),
  ADD KEY `reserveId` (`reserveId`);

--
-- Indexes for table `roles`
--
ALTER TABLE `roles`
  ADD PRIMARY KEY (`id`);

--
-- Indexes for table `sequelizemeta`
--
ALTER TABLE `sequelizemeta`
  ADD PRIMARY KEY (`name`),
  ADD UNIQUE KEY `name` (`name`);

--
-- Indexes for table `toothes`
--
ALTER TABLE `toothes`
  ADD PRIMARY KEY (`id`);

--
-- Indexes for table `users`
--
ALTER TABLE `users`
  ADD PRIMARY KEY (`id`),
  ADD UNIQUE KEY `phone` (`phone`);

--
-- Indexes for table `user_roles`
--
ALTER TABLE `user_roles`
  ADD PRIMARY KEY (`id`),
  ADD KEY `userId` (`userId`),
  ADD KEY `roleId` (`roleId`);

--
-- AUTO_INCREMENT for dumped tables
--

--
-- AUTO_INCREMENT for table `districts`
--
ALTER TABLE `districts`
  MODIFY `id` int(11) NOT NULL AUTO_INCREMENT, AUTO_INCREMENT=150;

--
-- AUTO_INCREMENT for table `posts`
--
ALTER TABLE `posts`
  MODIFY `id` int(11) NOT NULL AUTO_INCREMENT, AUTO_INCREMENT=11;

--
-- AUTO_INCREMENT for table `profiles`
--
ALTER TABLE `profiles`
  MODIFY `id` int(11) NOT NULL AUTO_INCREMENT, AUTO_INCREMENT=22;

--
-- AUTO_INCREMENT for table `promotions`
--
ALTER TABLE `promotions`
  MODIFY `id` int(11) NOT NULL AUTO_INCREMENT, AUTO_INCREMENT=16;

--
-- AUTO_INCREMENT for table `provinces`
--
ALTER TABLE `provinces`
  MODIFY `id` int(11) NOT NULL AUTO_INCREMENT, AUTO_INCREMENT=20;

--
-- AUTO_INCREMENT for table `reserves`
--
ALTER TABLE `reserves`
  MODIFY `id` int(11) NOT NULL AUTO_INCREMENT, AUTO_INCREMENT=62;

--
-- AUTO_INCREMENT for table `reserve_details`
--
ALTER TABLE `reserve_details`
  MODIFY `id` int(11) NOT NULL AUTO_INCREMENT, AUTO_INCREMENT=78;

--
-- AUTO_INCREMENT for table `roles`
--
ALTER TABLE `roles`
  MODIFY `id` int(11) NOT NULL AUTO_INCREMENT, AUTO_INCREMENT=4;

--
-- AUTO_INCREMENT for table `toothes`
--
ALTER TABLE `toothes`
  MODIFY `id` int(11) NOT NULL AUTO_INCREMENT, AUTO_INCREMENT=31;

--
-- AUTO_INCREMENT for table `user_roles`
--
ALTER TABLE `user_roles`
  MODIFY `id` int(11) NOT NULL AUTO_INCREMENT, AUTO_INCREMENT=44;

--
-- Constraints for dumped tables
--

--
-- Constraints for table `districts`
--
ALTER TABLE `districts`
  ADD CONSTRAINT `districts_ibfk_1` FOREIGN KEY (`provinceId`) REFERENCES `provinces` (`id`) ON DELETE SET NULL;

--
-- Constraints for table `profiles`
--
ALTER TABLE `profiles`
  ADD CONSTRAINT `profiles_ibfk_1` FOREIGN KEY (`userId`) REFERENCES `users` (`id`) ON DELETE CASCADE,
  ADD CONSTRAINT `profiles_ibfk_2` FOREIGN KEY (`provinceId`) REFERENCES `provinces` (`id`) ON DELETE SET NULL,
  ADD CONSTRAINT `profiles_ibfk_3` FOREIGN KEY (`districtId`) REFERENCES `districts` (`id`) ON DELETE SET NULL;

--
-- Constraints for table `reserves`
--
ALTER TABLE `reserves`
  ADD CONSTRAINT `reserves_ibfk_1` FOREIGN KEY (`userId`) REFERENCES `users` (`id`) ON DELETE CASCADE,
  ADD CONSTRAINT `reserves_ibfk_2` FOREIGN KEY (`toothId`) REFERENCES `toothes` (`id`) ON DELETE CASCADE,
  ADD CONSTRAINT `reserves_ibfk_3` FOREIGN KEY (`promotionId`) REFERENCES `promotions` (`id`) ON DELETE SET NULL;

--
-- Constraints for table `reserve_details`
--
ALTER TABLE `reserve_details`
  ADD CONSTRAINT `reserve_details_ibfk_1` FOREIGN KEY (`reserveId`) REFERENCES `reserves` (`id`) ON DELETE CASCADE;

--
-- Constraints for table `user_roles`
--
ALTER TABLE `user_roles`
  ADD CONSTRAINT `user_roles_ibfk_1` FOREIGN KEY (`userId`) REFERENCES `users` (`id`) ON DELETE CASCADE,
  ADD CONSTRAINT `user_roles_ibfk_2` FOREIGN KEY (`roleId`) REFERENCES `roles` (`id`) ON DELETE CASCADE;
COMMIT;

/*!40101 SET CHARACTER_SET_CLIENT=@OLD_CHARACTER_SET_CLIENT */;
/*!40101 SET CHARACTER_SET_RESULTS=@OLD_CHARACTER_SET_RESULTS */;
/*!40101 SET COLLATION_CONNECTION=@OLD_COLLATION_CONNECTION */;
